timestamp_iso,session_ms,sample_idx,acc_x,acc_y,acc_z,useracc_x,useracc_y,useracc_z,gravity_x,gravity_y,gravity_z,gyro_x,gyro_y,gyro_z,mag_x,mag_y,mag_z,yaw_deg,pitch_deg,roll_deg,pressure_hpa,label
2025-10-17T16:14:40.973848,50,0,0.409408,6.603508,6.459856,-0.189732,0.069519,-0.542947,0.599141,6.533989,7.002802,0.166232,0.065515,0.270079,-0.240000,35.160000,-13.139999,-89.423,-2.538,45.630,,
2025-10-17T16:14:41.023885,100,1,0.409408,6.603508,6.459856,0.431593,0.229970,-0.993186,-0.022185,6.373538,7.453042,-0.283976,-0.011454,-0.083001,-0.240000,35.160000,-13.139999,-89.423,-2.538,45.630,,
2025-10-17T16:14:41.073844,150,2,0.265756,6.550835,7.003339,0.431593,0.229970,-0.993186,-0.165837,6.320865,7.996525,-0.283976,-0.011454,-0.083001,2.460000,37.980000,-15.360000,-85.679,-1.587,43.088,,
2025-10-17T16:14:41.124057,200,3,0.265756,6.550835,7.003339,0.431593,0.229970,-0.993186,-0.165837,6.320865,7.996525,-0.283976,-0.011454,-0.083001,2.460000,37.980000,-15.360000,-85.679,-1.587,43.088,,
2025-10-17T16:14:41.174169,250,4,0.265756,6.550835,7.003339,0.431593,0.229970,-0.993186,-0.165837,6.320865,7.996525,-0.283976,-0.011454,-0.083001,2.460000,37.980000,-15.360000,-85.679,-1.587,43.088,,
2025-10-17T16:14:41.223864,300,5,0.265756,6.550835,7.003339,0.408164,0.120507,-0.399425,-0.142408,6.430328,7.402764,-0.075060,-0.045662,0.023900,2.460000,37.980000,-15.360000,-85.679,-1.587,43.088,,
2025-10-17T16:14:41.274107,350,6,-0.512359,6.792649,6.313809,0.408164,0.120507,-0.399425,-0.920523,6.672142,6.713234,-0.075060,-0.045662,0.023900,5.520000,37.739998,-14.040000,-82.542,3.162,47.092,,
2025-10-17T16:14:41.323854,400,7,-0.512359,6.792649,6.313809,0.408164,0.120507,-0.399425,-0.920523,6.672142,6.713234,-0.075060,-0.045662,0.023900,5.520000,37.739998,-14.040000,-82.542,3.162,47.092,,
2025-10-17T16:14:41.373907,450,8,-0.512359,6.792649,6.313809,0.006717,0.641608,-1.306271,-0.519076,6.151041,7.620080,-0.290085,0.647670,0.238314,5.520000,37.739998,-14.040000,-82.542,3.162,47.092,,
2025-10-17T16:14:41.423864,500,9,-0.512359,6.792649,6.313809,0.006717,0.641608,-1.306271,-0.519076,6.151041,7.620080,-0.290085,0.647670,0.238314,5.520000,37.739998,-14.040000,-82.542,3.162,47.092,,
2025-10-17T16:14:41.473905,550,10,-0.105345,6.984186,6.864476,0.006717,0.641608,-1.306271,-0.112062,6.342577,8.170747,-0.290085,0.647670,0.238314,8.760000,37.559998,-11.340000,-75.937,0.616,45.495,,
2025-10-17T16:14:41.524163,600,11,-0.105345,6.984186,6.864476,0.006717,0.641608,-1.306271,-0.112062,6.342577,8.170747,-0.290085,0.647670,0.238314,8.760000,37.559998,-11.340000,-75.937,0.616,45.495,,
2025-10-17T16:14:41.574508,650,12,-0.105345,6.984186,6.864476,0.449503,0.536852,-0.503994,-0.554848,6.447334,7.368470,-0.009087,0.278096,-0.121486,8.760000,37.559998,-11.340000,-75.937,0.616,45.495,,
2025-10-17T16:14:41.623953,700,13,-1.027112,6.713641,7.261913,0.449503,0.536852,-0.503994,-1.476616,6.176789,7.765907,-0.009087,0.278096,-0.121486,8.760000,37.559998,-11.340000,-78.120,5.929,42.753,,
2025-10-17T16:14:41.674571,750,14,-1.027112,6.713641,7.261913,0.449503,0.536852,-0.503994,-1.476616,6.176789,7.765907,-0.009087,0.278096,-0.121486,9.300000,35.759998,-9.719999,-76.161,5.929,42.753,,
2025-10-17T16:14:41.725516,801,15,-1.027112,6.713641,7.261913,0.449503,0.536852,-0.503994,-1.476616,6.176789,7.765907,-0.009087,0.278096,-0.121486,9.300000,35.759998,-9.719999,-76.161,5.929,42.753,,
2025-10-17T16:14:41.774563,850,16,-1.027112,6.713641,7.261913,-0.570371,0.222749,-0.074986,-0.456741,6.490891,7.336899,0.601168,-0.049327,0.204716,9.300000,35.759998,-9.719999,-76.161,5.929,42.753,,
2025-10-17T16:14:41.824289,900,17,-0.787692,6.830957,5.799056,-0.570371,0.222749,-0.074986,-0.217321,6.608208,5.874042,0.601168,-0.049327,0.204716,9.300000,35.759998,-9.719999,-74.884,5.024,49.671,,
2025-10-17T16:14:41.874162,950,18,-0.787692,6.830957,5.799056,-0.570371,0.222749,-0.074986,-0.217321,6.608208,5.874042,0.601168,-0.049327,0.204716,7.200000,33.299999,-10.200000,-78.093,5.024,49.671,,
2025-10-17T16:14:41.924401,1000,19,-0.787692,6.830957,5.799056,-0.859314,0.721356,-1.871534,0.071622,6.109601,7.670590,0.373926,-0.015730,0.163177,7.200000,33.299999,-10.200000,-78.093,5.024,49.671,,
2025-10-17T16:14:41.975307,1051,20,0.423774,6.634632,6.677728,-0.859314,0.721356,-1.871534,1.283088,5.913276,8.549262,0.373926,-0.015730,0.163177,7.200000,33.299999,-10.200000,-75.951,-2.578,44.815,,
2025-10-17T16:14:42.024263,1100,21,0.423774,6.634632,6.677728,-0.859314,0.721356,-1.871534,1.283088,5.913276,8.549262,0.373926,-0.015730,0.163177,7.200000,33.299999,-10.200000,-75.951,-2.578,44.815,,
2025-10-17T16:14:42.075040,1151,22,0.423774,6.634632,6.677728,-0.859314,0.721356,-1.871534,1.283088,5.913276,8.549262,0.373926,-0.015730,0.163177,6.960000,32.219997,-14.940000,-77.049,-2.578,44.815,,
2025-10-17T16:14:42.124406,1200,23,0.423774,6.634632,6.677728,0.612324,-1.257179,0.859307,-0.188551,7.891811,5.818421,0.498542,-0.159283,0.001909,6.960000,32.219997,-14.940000,-77.049,-2.578,44.815,,
2025-10-17T16:14:42.174127,1250,24,-0.464475,7.941866,6.241983,0.612324,-1.257179,0.859307,-1.076800,9.199045,5.382676,0.498542,-0.159283,0.001909,6.960000,32.219997,-14.940000,-78.885,2.633,51.834,,
2025-10-17T16:14:42.223950,1300,25,-0.464475,7.941866,6.241983,0.612324,-1.257179,0.859307,-1.076800,9.199045,5.382676,0.498542,-0.159283,0.001909,6.960000,32.219997,-14.940000,-78.885,2.633,51.834,,
2025-10-17T16:14:42.274001,1350,26,-0.464475,7.941866,6.241983,-0.082103,0.022538,0.470647,-0.382373,7.919329,5.771336,0.555353,-0.451277,-0.190514,7.680000,28.500000,-17.459999,-77.735,2.633,51.834,,
2025-10-17T16:14:42.323902,1400,27,-0.464475,7.941866,6.241983,-0.082103,0.022538,0.470647,-0.382373,7.919329,5.771336,0.555353,-0.451277,-0.190514,7.680000,28.500000,-17.459999,-77.735,2.633,51.834,,
2025-10-17T16:14:42.374730,1451,28,1.575385,8.710405,5.605125,-0.082103,0.022538,0.470647,1.657487,8.687868,5.134479,0.555353,-0.451277,-0.190514,7.680000,28.500000,-17.459999,-70.570,-8.648,57.239,,
2025-10-17T16:14:42.423939,1500,29,1.575385,8.710405,5.605125,-0.082103,0.022538,0.470647,1.657487,8.687868,5.134479,0.555353,-0.451277,-0.190514,7.680000,28.500000,-17.459999,-70.570,-8.648,57.239,,
2025-10-17T16:14:42.474050,1550,30,1.575385,8.710405,5.605125,2.120150,0.090420,0.960855,-0.544765,8.619986,4.644271,0.578566,0.240834,-0.596739,4.680000,25.980000,-23.279999,-76.092,-8.648,57.239,,
2025-10-17T16:14:42.524512,1600,31,-2.013524,9.794978,3.282450,2.120150,0.090420,0.960855,-4.133673,9.704558,2.321596,0.578566,0.240834,-0.596739,4.680000,25.980000,-23.279999,-89.740,11.029,71.473,,
2025-10-17T16:14:42.574405,1650,32,-2.013524,9.794978,3.282450,2.120150,0.090420,0.960855,-4.133673,9.704558,2.321596,0.578566,0.240834,-0.596739,4.680000,25.980000,-23.279999,-89.740,11.029,71.473,,
2025-10-17T16:14:42.624156,1700,33,-2.013524,9.794978,3.282450,2.120150,0.090420,0.960855,-4.133673,9.704558,2.321596,0.578566,0.240834,-0.596739,4.680000,25.980000,-23.279999,-89.740,11.029,71.473,,
2025-10-17T16:14:42.674191,1750,34,-2.013524,9.794978,3.282450,-1.198765,1.047242,-1.074576,-0.814759,8.747736,4.357026,0.154625,0.391106,-0.034743,4.380000,24.779999,-24.779999,-90.797,11.029,71.473,,
2025-10-17T16:14:42.724550,1800,35,-0.509965,8.947431,3.679888,-1.198765,1.047242,-1.074576,0.688800,7.900188,4.754464,0.154625,0.391106,-0.034743,4.380000,24.779999,-24.779999,-84.609,3.017,67.644,,
2025-10-17T16:14:42.774278,1850,36,-0.509965,8.947431,3.679888,-1.198765,1.047242,-1.074576,0.688800,7.900188,4.754464,0.154625,0.391106,-0.034743,4.380000,24.779999,-24.779999,-84.609,3.017,67.644,,
2025-10-17T16:14:42.824682,1901,37,-0.509965,8.947431,3.679888,0.177400,0.209487,-0.718531,-0.687365,8.737944,4.398419,-0.138590,0.014813,0.095982,4.380000,24.779999,-24.779999,-84.609,3.017,67.644,,
2025-10-17T16:14:42.874878,1951,38,-0.509965,8.947431,3.679888,0.177400,0.209487,-0.718531,-0.687365,8.737944,4.398419,-0.138590,0.014813,0.095982,4.800000,24.840000,-24.779999,-83.885,3.017,67.644,,
2025-10-17T16:14:42.924739,2001,39,-0.816423,9.033623,4.252102,0.177400,0.209487,-0.718531,-0.993822,8.824136,4.970634,-0.138590,0.014813,0.095982,4.800000,24.840000,-24.779999,-85.251,4.675,64.794,,
2025-10-17T16:14:42.974680,2051,40,-0.816423,9.033623,4.252102,0.177400,0.209487,-0.718531,-0.993822,8.824136,4.970634,-0.138590,0.014813,0.095982,4.800000,24.840000,-24.779999,-85.251,4.675,64.794,,
2025-10-17T16:14:43.024862,2101,41,-0.816423,9.033623,4.252102,-0.396635,0.306040,-0.200244,-0.419787,8.727583,4.452346,0.070937,-0.018173,-0.003589,4.800000,24.840000,-24.779999,-85.251,4.675,64.794,,
2025-10-17T16:14:43.075019,2151,42,-0.316035,8.731953,3.955221,-0.396635,0.306040,-0.200244,0.080601,8.425913,4.155465,0.070937,-0.018173,-0.003589,5.220000,24.180000,-24.900000,-82.366,1.888,65.631,,
2025-10-17T16:14:43.124705,2201,43,-0.316035,8.731953,3.955221,-0.396635,0.306040,-0.200244,0.080601,8.425913,4.155465,0.070937,-0.018173,-0.003589,5.220000,24.180000,-24.900000,-82.366,1.888,65.631,,
2025-10-17T16:14:43.175324,2251,44,-0.316035,8.731953,3.955221,0.047847,-0.099242,-0.293062,-0.363882,8.831195,4.248283,0.059941,0.067348,-0.064064,5.220000,24.180000,-24.900000,-82.366,1.888,65.631,,
2025-10-17T16:14:43.224082,2300,45,-0.316035,8.731953,3.955221,0.047847,-0.099242,-0.293062,-0.363882,8.831195,4.248283,0.059941,0.067348,-0.064064,5.220000,24.180000,-24.900000,-82.366,1.888,65.631,,
2025-10-17T16:14:43.274406,2350,46,-0.330400,8.593089,4.182671,0.047847,-0.099242,-0.293062,-0.378247,8.692331,4.475732,0.059941,0.067348,-0.064064,5.640000,24.240000,-24.240000,-81.617,1.980,64.046,,
2025-10-17T16:14:43.325201,2401,47,-0.330400,8.593089,4.182671,0.047847,-0.099242,-0.293062,-0.378247,8.692331,4.475732,0.059941,0.067348,-0.064064,5.640000,24.240000,-24.240000,-81.617,1.980,64.046,,
2025-10-17T16:14:43.374647,2451,48,-0.330400,8.593089,4.182671,0.064946,-0.240883,-0.056999,-0.395345,8.833972,4.239670,-0.099495,-0.020617,0.014737,5.640000,24.240000,-24.240000,-81.617,1.980,64.046,,
2025-10-17T16:14:43.424846,2501,49,-0.591368,8.810962,4.649539,0.064946,-0.240883,-0.056999,-0.656313,9.051845,4.706539,-0.099495,-0.020617,0.014737,5.640000,24.240000,-24.240000,-82.759,3.397,62.179,,
2025-10-17T16:14:43.474712,2551,50,-0.591368,8.810962,4.649539,0.064946,-0.240883,-0.056999,-0.656313,9.051845,4.706539,-0.099495,-0.020617,0.014737,5.400000,24.539999,-25.379999,-83.506,3.397,62.179,,
2025-10-17T16:14:43.524937,2601,51,-0.591368,8.810962,4.649539,-0.195621,0.009242,0.343355,-0.395746,8.801720,4.306184,0.055054,0.010537,0.053833,5.400000,24.539999,-25.379999,-83.506,3.397,62.179,,
2025-10-17T16:14:43.574740,2651,52,-0.591368,8.810962,4.649539,-0.195621,0.009242,0.343355,-0.395746,8.801720,4.306184,0.055054,0.010537,0.053833,5.400000,24.539999,-25.379999,-83.506,3.397,62.179,,
2025-10-17T16:14:43.624298,2700,53,-0.679953,8.849269,4.053383,-0.195621,0.009242,0.343355,-0.484332,8.840027,3.710028,0.055054,0.010537,0.053833,5.400000,24.539999,-25.379999,-83.850,3.996,65.390,,
2025-10-17T16:14:43.674787,2751,54,-0.679953,8.849269,4.053383,-0.195621,0.009242,0.343355,-0.484332,8.840027,3.710028,0.055054,0.010537,0.053833,5.460000,24.539999,-24.779999,-83.576,3.996,65.390,,
2025-10-17T16:14:43.724818,2801,55,-0.679953,8.849269,4.053383,-0.322840,0.043799,-0.248533,-0.357113,8.805470,4.301916,-0.070784,-0.084147,0.044059,5.460000,24.539999,-24.779999,-83.576,3.996,65.390,,
2025-10-17T16:14:43.774333,2850,56,-0.679953,8.849269,4.053383,-0.322840,0.043799,-0.248533,-0.357113,8.805470,4.301916,-0.070784,-0.084147,0.044059,5.460000,24.539999,-24.779999,-83.576,3.996,65.390,,
2025-10-17T16:14:43.824643,2901,57,0.198719,8.470984,4.194642,-0.322840,0.043799,-0.248533,0.521559,8.427185,4.443174,-0.070784,-0.084147,0.044059,5.460000,24.539999,-24.779999,-79.726,-1.204,63.656,,
2025-10-17T16:14:43.875209,2951,58,0.198719,8.470984,4.194642,-0.322840,0.043799,-0.248533,0.521559,8.427185,4.443174,-0.070784,-0.084147,0.044059,6.060000,24.660000,-24.600000,-78.687,-1.204,63.656,,
2025-10-17T16:14:43.924948,3001,59,0.198719,8.470984,4.194642,0.514267,-0.326636,-0.126524,-0.315548,8.797621,4.321166,-0.122097,-0.025504,0.058109,6.060000,24.660000,-24.600000,-78.687,-1.204,63.656,,
2025-10-17T16:14:43.974498,3050,60,-0.306458,8.257901,4.616021,0.514267,-0.326636,-0.126524,-0.820725,8.584538,4.742545,-0.122097,-0.025504,0.058109,6.060000,24.660000,-24.600000,-81.119,1.855,60.796,,
2025-10-17T16:14:44.024189,3100,61,-0.306458,8.257901,4.616021,0.514267,-0.326636,-0.126524,-0.820725,8.584538,4.742545,-0.122097,-0.025504,0.058109,6.060000,24.660000,-24.600000,-81.119,1.855,60.796,,
2025-10-17T16:14:44.074278,3150,62,-0.306458,8.257901,4.616021,0.080841,-0.504292,0.229204,-0.387299,8.762193,4.386817,-0.106214,-0.051771,0.011072,5.400000,24.119999,-24.059999,-82.012,1.855,60.796,,
2025-10-17T16:14:44.125208,3201,63,-0.306458,8.257901,4.616021,0.080841,-0.504292,0.229204,-0.387299,8.762193,4.386817,-0.106214,-0.051771,0.011072,5.400000,24.119999,-24.059999,-82.012,1.855,60.796,,
2025-10-17T16:14:44.174294,3250,64,-0.545878,8.289025,4.812346,0.080841,-0.504292,0.229204,-0.626719,8.793317,4.583142,-0.106214,-0.051771,0.011072,5.400000,24.119999,-24.059999,-83.080,3.260,59.862,,
2025-10-17T16:14:44.225464,3301,65,-0.545878,8.289025,4.812346,0.080841,-0.504292,0.229204,-0.626719,8.793317,4.583142,-0.106214,-0.051771,0.011072,5.400000,24.119999,-24.059999,-83.080,3.260,59.862,,
2025-10-17T16:14:44.275317,3351,66,-0.545878,8.289025,4.812346,-0.158134,-0.395042,0.272855,-0.387744,8.684068,4.539490,-0.232663,-0.098197,0.012294,5.940000,24.480000,-24.000000,-82.194,3.260,59.862,,
2025-10-17T16:14:44.324127,3400,67,-0.265756,8.344092,5.473444,-0.158134,-0.395042,0.272855,-0.107622,8.739135,5.200589,-0.232663,-0.098197,0.012294,5.940000,24.480000,-24.000000,-81.043,1.526,56.736,,
2025-10-17T16:14:44.375355,3451,68,-0.265756,8.344092,5.473444,-0.158134,-0.395042,0.272855,-0.107622,8.739135,5.200589,-0.232663,-0.098197,0.012294,5.940000,24.480000,-24.000000,-81.043,1.526,56.736,,
2025-10-17T16:14:44.424834,3501,69,-0.265756,8.344092,5.473444,-0.158134,-0.395042,0.272855,-0.107622,8.739135,5.200589,-0.232663,-0.098197,0.012294,5.940000,24.480000,-24.000000,-81.043,1.526,56.736,,
2025-10-17T16:14:44.474195,3550,70,-0.265756,8.344092,5.473444,0.099095,-0.263621,0.788958,-0.364852,8.607714,4.684486,0.019624,0.042913,0.021457,5.460000,25.019999,-23.100000,-81.689,1.526,56.736,,
2025-10-17T16:14:44.525137,3601,71,-0.462081,8.459014,5.126285,0.099095,-0.263621,0.788958,-0.561176,8.722635,4.337327,0.019624,0.042913,0.021457,5.460000,25.019999,-23.100000,-82.428,2.675,58.784,,
2025-10-17T16:14:44.574370,3650,72,-0.462081,8.459014,5.126285,0.099095,-0.263621,0.788958,-0.561176,8.722635,4.337327,0.019624,0.042913,0.021457,5.460000,25.019999,-23.100000,-82.428,2.675,58.784,,
2025-10-17T16:14:44.624275,3700,73,-0.462081,8.459014,5.126285,-0.105182,-0.083419,0.323194,-0.356899,8.542433,4.803091,-0.032910,-0.041386,0.008628,5.460000,25.019999,-23.100000,-82.428,2.675,58.784,,
2025-10-17T16:14:44.674972,3751,74,-0.744597,8.298602,5.068824,-0.105182,-0.083419,0.323194,-0.639414,8.382021,4.745630,-0.032910,-0.041386,0.008628,6.420000,24.420000,-22.920000,-81.892,4.379,58.583,,
2025-10-17T16:14:44.725139,3801,75,-0.744597,8.298602,5.068824,-0.105182,-0.083419,0.323194,-0.639414,8.382021,4.745630,-0.032910,-0.041386,0.008628,6.420000,24.420000,-22.920000,-81.892,4.379,58.583,,
2025-10-17T16:14:44.774248,3850,76,-0.744597,8.298602,5.068824,-0.105182,-0.083419,0.323194,-0.639414,8.382021,4.745630,-0.032910,-0.041386,0.008628,6.420000,24.420000,-22.920000,-81.892,4.379,58.583,,
2025-10-17T16:14:44.825162,3901,77,-0.744597,8.298602,5.068824,-0.386430,-0.178901,0.152124,-0.358167,8.477503,4.916700,-0.156916,-0.113468,0.035507,6.420000,24.420000,-22.920000,-81.892,4.379,58.583,,
2025-10-17T16:14:44.874821,3951,78,-0.349553,8.439860,5.360917,-0.386430,-0.178901,0.152124,0.036876,8.618761,5.208793,-0.156916,-0.113468,0.035507,4.920000,25.019999,-22.680000,-82.809,2.002,57.577,,
2025-10-17T16:14:44.924827,4001,79,-0.349553,8.439860,5.360917,-0.386430,-0.178901,0.152124,0.036876,8.618761,5.208793,-0.156916,-0.113468,0.035507,4.920000,25.019999,-22.680000,-82.809,2.002,57.577,,
2025-10-17T16:14:44.975087,4051,80,-0.349553,8.439860,5.360917,0.085787,-0.021559,0.422782,-0.435340,8.461419,4.938135,-0.060399,0.006872,-0.012752,4.920000,25.019999,-22.680000,-82.809,2.002,57.577,,
2025-10-17T16:14:45.025010,4101,81,-0.349553,8.439860,5.360917,0.085787,-0.021559,0.422782,-0.435340,8.461419,4.938135,-0.060399,0.006872,-0.012752,4.920000,25.019999,-22.680000,-82.809,2.002,57.577,,
2025-10-17T16:14:45.075094,4151,82,-0.512359,8.332121,4.647145,0.085787,-0.021559,0.422782,-0.598146,8.353680,4.224363,-0.060399,0.006872,-0.012752,5.580000,26.519999,-24.240000,-82.904,3.074,60.850,,
2025-10-17T16:14:45.124998,4201,83,-0.512359,8.332121,4.647145,0.085787,-0.021559,0.422782,-0.598146,8.353680,4.224363,-0.060399,0.006872,-0.012752,5.580000,26.519999,-24.240000,-82.904,3.074,60.850,,
2025-10-17T16:14:45.174597,4250,84,-0.512359,8.332121,4.647145,-0.053738,-0.083496,-0.366568,-0.458621,8.415617,5.013713,0.053833,0.067348,-0.004200,5.580000,26.519999,-24.240000,-82.904,3.074,60.850,,
2025-10-17T16:14:45.225117,4301,85,-0.418985,8.253113,4.987422,-0.053738,-0.083496,-0.366568,-0.365248,8.336609,5.353990,0.053833,0.067348,-0.004200,5.580000,26.519999,-24.240000,-82.564,2.488,58.855,,
2025-10-17T16:14:45.275222,4351,86,-0.418985,8.253113,4.987422,-0.053738,-0.083496,-0.366568,-0.365248,8.336609,5.353990,0.053833,0.067348,-0.004200,5.520000,26.039999,-23.160000,-82.328,2.488,58.855,,
2025-10-17T16:14:45.325060,4401,87,-0.418985,8.253113,4.987422,-0.053738,-0.083496,-0.366568,-0.365248,8.336609,5.353990,0.053833,0.067348,-0.004200,5.520000,26.039999,-23.160000,-82.328,2.488,58.855,,
2025-10-17T16:14:45.374530,4450,88,-0.418985,8.253113,4.987422,0.043039,-0.119591,-0.097326,-0.462025,8.372704,5.084747,-0.020693,0.006872,-0.001145,5.520000,26.039999,-23.160000,-82.328,2.488,58.855,,
2025-10-17T16:14:45.424090,4500,89,-0.351948,8.406342,5.241207,0.043039,-0.119591,-0.097326,-0.394987,8.525932,5.338532,-0.020693,0.006872,-0.001145,5.520000,26.039999,-23.160000,-82.043,2.035,58.057,,
2025-10-17T16:14:45.474729,4551,90,-0.351948,8.406342,5.241207,0.043039,-0.119591,-0.097326,-0.394987,8.525932,5.338532,-0.020693,0.006872,-0.001145,5.700000,25.859999,-22.920000,-81.656,2.035,58.057,,
2025-10-17T16:14:45.525789,4602,91,-0.351948,8.406342,5.241207,0.135414,0.083536,0.077531,-0.487362,8.322805,5.163675,-0.021304,0.020311,-0.004811,5.700000,25.859999,-22.920000,-81.656,2.035,58.057,,
2025-10-17T16:14:45.574858,4651,92,-0.351948,8.406342,5.241207,0.135414,0.083536,0.077531,-0.487362,8.322805,5.163675,-0.021304,0.020311,-0.004811,5.700000,25.859999,-22.920000,-81.656,2.035,58.057,,
2025-10-17T16:14:45.624248,4700,93,-0.739808,8.332121,5.576395,0.135414,0.083536,0.077531,-0.875223,8.248585,5.498864,-0.021304,0.020311,-0.004811,5.700000,25.859999,-22.920000,-83.240,4.220,56.207,,
2025-10-17T16:14:45.674193,4750,94,-0.739808,8.332121,5.576395,0.135414,0.083536,0.077531,-0.875223,8.248585,5.498864,-0.021304,0.020311,-0.004811,6.360000,26.099998,-22.379999,-82.010,4.220,56.207,,
2025-10-17T16:14:45.725100,4801,95,-0.739808,8.332121,5.576395,-0.243593,0.098123,0.273065,-0.496216,8.233998,5.303330,0.001298,-0.010843,-0.002367,6.360000,26.099998,-22.379999,-82.010,4.220,56.207,,
2025-10-17T16:14:45.775336,4851,96,-0.565032,7.944261,5.758354,-0.243593,0.098123,0.273065,-0.321439,7.846138,5.485289,0.001298,-0.010843,-0.002367,6.360000,26.099998,-22.379999,-81.457,3.296,54.064,,
2025-10-17T16:14:45.825509,4901,97,-0.565032,7.944261,5.758354,-0.243593,0.098123,0.273065,-0.321439,7.846138,5.485289,0.001298,-0.010843,-0.002367,6.360000,26.099998,-22.379999,-81.457,3.296,54.064,,
2025-10-17T16:14:45.874723,4951,98,-0.565032,7.944261,5.758354,-0.079971,-0.217129,0.342936,-0.485061,8.161389,5.415418,-0.150196,-0.072540,-0.003589,5.880000,26.400000,-22.740000,-82.389,3.296,54.064,,
2025-10-17T16:14:45.924511,5000,99,-0.565032,7.944261,5.758354,-0.079971,-0.217129,0.342936,-0.485061,8.161389,5.415418,-0.150196,-0.072540,-0.003589,5.880000,26.400000,-22.740000,-82.389,3.296,54.064,,
2025-10-17T16:14:45.974,5050,100,-0.684742,8.559570,5.674557,-0.079971,-0.217129,0.342936,-0.604771,8.776699,5.331621,-0.150196,-0.072540,-0.003589,5.880000,26.400000,-22.740000,-82.665,3.815,56.458,,
2025-10-17T16:14:46.024938,5101,101,-0.684742,8.559570,5.674557,-0.079971,-0.217129,0.342936,-0.604771,8.776699,5.331621,-0.150196,-0.072540,-0.003589,5.880000,26.400000,-22.740000,-82.665,3.815,56.458,,
2025-10-17T16:14:46.075439,5151,102,-0.684742,8.559570,5.674557,-0.331698,1.004863,-0.568204,-0.353043,7.554707,6.242761,-1.115364,0.333685,0.173562,4.740000,28.619999,-20.279999,-84.141,3.815,56.458,,
2025-10-17T16:14:46.125402,5201,103,-0.548272,7.082348,7.513304,-0.331698,1.004863,-0.568204,-0.216574,6.077485,8.081508,-1.115364,0.333685,0.173562,4.740000,28.619999,-20.279999,-84.015,3.040,43.309,,
2025-10-17T16:14:46.175583,5251,104,-0.548272,7.082348,7.513304,-0.331698,1.004863,-0.568204,-0.216574,6.077485,8.081508,-1.115364,0.333685,0.173562,4.740000,28.619999,-20.279999,-84.015,3.040,43.309,,
2025-10-17T16:14:46.224681,5301,105,-0.548272,7.082348,7.513304,-0.331698,1.004863,-0.568204,-0.216574,6.077485,8.081508,-1.115364,0.333685,0.173562,4.740000,28.619999,-20.279999,-84.015,3.040,43.309,,
2025-10-17T16:14:46.274824,5351,106,-0.548272,7.082348,7.513304,-0.746964,0.621148,0.138773,0.198692,6.461200,7.374531,-0.542372,-0.248469,0.072158,6.480000,30.779999,-14.520000,-80.074,3.040,43.309,,
2025-10-17T16:14:46.325315,5401,107,0.356736,5.727230,7.884406,-0.746964,0.621148,0.138773,1.103700,5.106082,7.745633,-0.542372,-0.248469,0.072158,6.480000,30.779999,-14.520000,-78.115,-2.096,35.995,,
2025-10-17T16:14:46.375101,5451,108,0.356736,5.727230,7.884406,-0.746964,0.621148,0.138773,1.103700,5.106082,7.745633,-0.542372,-0.248469,0.072158,6.480000,30.779999,-14.520000,-78.115,-2.096,35.995,,
2025-10-17T16:14:46.425197,5501,109,0.356736,5.727230,7.884406,-0.185320,-0.492141,0.321608,0.542056,6.219370,7.562798,0.432569,0.180358,0.323835,6.480000,30.779999,-14.520000,-78.115,-2.096,35.995,,
2025-10-17T16:14:46.475186,5551,110,0.826000,5.913978,7.527669,-0.185320,-0.492141,0.321608,1.011320,6.406118,7.206061,0.432569,0.180358,0.323835,6.000000,31.439999,-12.059999,-77.571,-4.932,38.154,,
2025-10-17T16:14:46.525918,5602,111,0.826000,5.913978,7.527669,-0.185320,-0.492141,0.321608,1.011320,6.406118,7.206061,0.432569,0.180358,0.323835,6.000000,31.439999,-12.059999,-77.571,-4.932,38.154,,
2025-10-17T16:14:46.574688,5651,112,0.826000,5.913978,7.527669,-0.185320,-0.492141,0.321608,1.011320,6.406118,7.206061,0.432569,0.180358,0.323835,6.000000,31.439999,-12.059999,-77.571,-4.932,38.154,,
2025-10-17T16:14:46.624681,5701,113,0.826000,5.913978,7.527669,0.057124,-0.567942,0.208934,0.768876,6.481920,7.318735,0.157680,-0.163559,0.004352,6.000000,31.439999,-12.059999,-77.571,-4.932,38.154,,
2025-10-17T16:14:46.674635,5751,114,1.276109,6.818986,7.173327,0.057124,-0.567942,0.208934,1.218986,7.386928,6.964393,0.157680,-0.163559,0.004352,6.840000,30.000000,-14.400000,-74.442,-7.347,43.549,,
2025-10-17T16:14:46.724856,5801,115,1.276109,6.818986,7.173327,0.057124,-0.567942,0.208934,1.218986,7.386928,6.964393,0.157680,-0.163559,0.004352,6.840000,30.000000,-14.400000,-74.442,-7.347,43.549,,
2025-10-17T16:14:46.774233,5850,116,1.276109,6.818986,7.173327,0.639505,0.091134,0.066914,0.636604,6.727852,7.106413,0.017181,0.261603,-0.169744,6.840000,30.000000,-14.400000,-74.442,-7.347,43.549,,
2025-10-17T16:14:46.825181,5901,117,1.276109,6.818986,7.173327,0.639505,0.091134,0.066914,0.636604,6.727852,7.106413,0.017181,0.261603,-0.169744,6.840000,30.000000,-14.400000,-74.442,-7.347,43.549,,
2025-10-17T16:14:46.874301,5950,118,0.421380,7.474997,7.120655,0.639505,0.091134,0.066914,-0.218126,7.383863,7.053741,0.017181,0.261603,-0.169744,6.840000,30.059999,-15.420000,-76.747,-2.337,46.391,,
2025-10-17T16:14:46.924667,6001,119,0.421380,7.474997,7.120655,0.639505,0.091134,0.066914,-0.218126,7.383863,7.053741,0.017181,0.261603,-0.169744,6.840000,30.059999,-15.420000,-76.747,-2.337,46.391,,
2025-10-17T16:14:46.974501,6050,120,0.421380,7.474997,7.120655,0.275774,0.617452,0.111857,0.145605,6.857545,7.008798,0.061774,0.436921,0.267024,6.840000,30.059999,-15.420000,-76.747,-2.337,46.391,,
2025-10-17T16:14:47.025182,6101,121,-0.275333,6.842928,6.610690,0.275774,0.617452,0.111857,-0.551108,6.225476,6.498833,0.061774,0.436921,0.267024,6.840000,30.059999,-15.420000,-78.744,1.658,45.989,,
2025-10-17T16:14:47.075009,6151,122,-0.275333,6.842928,6.610690,0.275774,0.617452,0.111857,-0.551108,6.225476,6.498833,0.061774,0.436921,0.267024,9.240000,29.879999,-15.719999,-74.770,1.658,45.989,,
2025-10-17T16:14:47.124690,6201,123,-0.275333,6.842928,6.610690,0.275774,0.617452,0.111857,-0.551108,6.225476,6.498833,0.061774,0.436921,0.267024,9.240000,29.879999,-15.719999,-74.770,1.658,45.989,,
2025-10-17T16:14:47.174807,6251,124,-0.275333,6.842928,6.610690,-0.115624,0.230101,-0.629150,-0.159709,6.612827,7.239841,-0.504498,0.358120,0.325668,9.240000,29.879999,-15.719999,-74.770,1.658,45.989,,
2025-10-17T16:14:47.224729,6301,125,-1.027112,6.359299,8.085519,-0.115624,0.230101,-0.629150,-0.911488,6.129198,8.714669,-0.504498,0.358120,0.325668,9.240000,29.879999,-15.719999,-77.248,5.702,38.185,,
2025-10-17T16:14:47.274334,6350,126,-1.027112,6.359299,8.085519,-0.115624,0.230101,-0.629150,-0.911488,6.129198,8.714669,-0.504498,0.358120,0.325668,10.740000,29.459999,-13.380000,-73.722,5.702,38.185,,
2025-10-17T16:14:47.324701,6401,127,-1.027112,6.359299,8.085519,-0.662687,-0.035527,0.659637,-0.364426,6.394826,7.425882,0.445397,-0.052382,-0.286419,10.740000,29.459999,-13.380000,-73.722,5.702,38.185,,
2025-10-17T16:14:47.374996,6451,128,-1.544260,7.091925,5.638644,-0.662687,-0.035527,0.659637,-0.881573,7.127452,4.979007,0.445397,-0.052382,-0.286419,10.740000,29.459999,-13.380000,-74.500,9.673,51.513,,
2025-10-17T16:14:47.424184,6500,129,-1.544260,7.091925,5.638644,-0.662687,-0.035527,0.659637,-0.881573,7.127452,4.979007,0.445397,-0.052382,-0.286419,10.740000,29.459999,-13.380000,-74.500,9.673,51.513,,
2025-10-17T16:14:47.475155,6551,130,-1.544260,7.091925,5.638644,-0.662687,-0.035527,0.659637,-0.881573,7.127452,4.979007,0.445397,-0.052382,-0.286419,10.200000,28.980000,-14.280000,-75.863,9.673,51.513,,
2025-10-17T16:14:47.524946,6601,131,-1.544260,7.091925,5.638644,-1.466983,0.322135,-1.456021,-0.077277,6.769789,7.094666,0.047724,-0.362090,0.193721,10.200000,28.980000,-14.280000,-75.863,9.673,51.513,,
2025-10-17T16:14:47.574745,6651,132,0.462081,6.474221,6.244377,-1.466983,0.322135,-1.456021,1.929064,6.152085,7.700398,0.047724,-0.362090,0.193721,10.200000,28.980000,-14.280000,-70.004,-2.941,46.035,,
2025-10-17T16:14:47.624629,6701,133,0.462081,6.474221,6.244377,-1.466983,0.322135,-1.456021,1.929064,6.152085,7.700398,0.047724,-0.362090,0.193721,10.200000,28.980000,-14.280000,-70.004,-2.941,46.035,,
2025-10-17T16:14:47.674391,6750,134,0.462081,6.474221,6.244377,-1.466983,0.322135,-1.456021,1.929064,6.152085,7.700398,0.047724,-0.362090,0.193721,9.480000,29.459999,-14.820000,-71.605,-2.941,46.035,,
2025-10-17T16:14:47.724663,6801,135,0.462081,6.474221,6.244377,0.317134,-0.369194,-0.778224,0.144947,6.843415,7.022601,-0.043906,0.021533,-0.100716,9.480000,29.459999,-14.820000,-71.605,-2.941,46.035,,
2025-10-17T16:14:47.775211,6851,136,-0.373495,7.099107,6.977003,0.317134,-0.369194,-0.778224,-0.690629,7.468301,7.755227,-0.043906,0.021533,-0.100716,9.480000,29.459999,-14.820000,-74.177,2.149,45.497,,
2025-10-17T16:14:47.824756,6901,137,-0.373495,7.099107,6.977003,0.317134,-0.369194,-0.778224,-0.690629,7.468301,7.755227,-0.043906,0.021533,-0.100716,9.480000,29.459999,-14.820000,-74.177,2.149,45.497,,
2025-10-17T16:14:47.875181,6951,138,-0.373495,7.099107,6.977003,-0.122998,0.168903,0.043043,-0.250497,6.930204,6.933960,0.045891,0.050855,0.099037,9.480000,29.039999,-15.120000,-74.157,2.149,45.497,,
2025-10-17T16:14:47.924567,7000,139,0.119710,6.713641,7.405565,-0.122998,0.168903,0.043043,0.242708,6.544738,7.362523,0.045891,0.050855,0.099037,9.480000,29.039999,-15.120000,-72.998,-0.686,42.194,,
2025-10-17T16:14:47.974715,7051,140,0.119710,6.713641,7.405565,-0.122998,0.168903,0.043043,0.242708,6.544738,7.362523,0.045891,0.050855,0.099037,9.480000,29.039999,-15.120000,-72.998,-0.686,42.194,,
2025-10-17T16:14:48.025333,7101,141,0.119710,6.713641,7.405565,-0.122998,0.168903,0.043043,0.242708,6.544738,7.362523,0.045891,0.050855,0.099037,9.480000,29.039999,-15.120000,-72.998,-0.686,42.194,,
2025-10-17T16:14:48.074740,7151,142,0.119710,6.713641,7.405565,0.107864,-0.165757,0.416714,0.011846,6.879397,6.988851,0.463112,-0.120799,-0.093386,8.580000,29.519999,-16.080000,-74.940,-0.686,42.194,,
2025-10-17T16:14:48.124291,7200,143,0.064643,6.974609,5.238812,0.107864,-0.165757,0.416714,-0.043221,7.140366,4.822098,0.463112,-0.120799,-0.093386,8.580000,29.519999,-16.080000,-74.099,-0.425,53.089,,
2025-10-17T16:14:48.174442,7250,144,0.064643,6.974609,5.238812,0.107864,-0.165757,0.416714,-0.043221,7.140366,4.822098,0.463112,-0.120799,-0.093386,8.580000,29.519999,-16.080000,-74.099,-0.425,53.089,,
2025-10-17T16:14:48.224330,7300,145,0.064643,6.974609,5.238812,0.218582,-0.400876,-1.222522,-0.153938,7.375484,6.461335,0.198608,0.081398,-0.139812,8.580000,29.519999,-16.080000,-74.099,-0.425,53.089,,
2025-10-17T16:14:48.275760,7352,146,-0.143652,7.532458,5.748777,0.218582,-0.400876,-1.222522,-0.362234,7.933333,6.971300,0.198608,0.081398,-0.139812,8.460000,29.099998,-18.539999,-75.873,0.869,52.649,,
2025-10-17T16:14:48.324721,7401,147,-0.143652,7.532458,5.748777,0.218582,-0.400876,-1.222522,-0.362234,7.933333,6.971300,0.198608,0.081398,-0.139812,8.460000,29.099998,-18.539999,-75.873,0.869,52.649,,
2025-10-17T16:14:48.374393,7450,148,-0.143652,7.532458,5.748777,0.218582,-0.400876,-1.222522,-0.362234,7.933333,6.971300,0.198608,0.081398,-0.139812,8.460000,29.099998,-18.539999,-75.873,0.869,52.649,,
2025-10-17T16:14:48.425175,7501,149,-0.143652,7.532458,5.748777,0.405237,-0.104626,-0.378535,-0.548889,7.637084,6.127312,0.080711,0.025809,0.010461,8.460000,29.099998,-18.539999,-75.873,0.869,52.649,,
2025-10-17T16:14:48.474467,7550,150,0.069432,8.696040,5.612308,0.405237,-0.104626,-0.378535,-0.335805,8.800666,5.990843,0.080711,0.025809,0.010461,7.560000,27.900000,-19.260000,-76.185,-0.384,57.162,,
2025-10-17T16:14:48.524535,7600,151,0.069432,8.696040,5.612308,0.405237,-0.104626,-0.378535,-0.335805,8.800666,5.990843,0.080711,0.025809,0.010461,7.560000,27.900000,-19.260000,-76.185,-0.384,57.162,,
2025-10-17T16:14:48.575078,7651,152,0.069432,8.696040,5.612308,0.599725,0.963677,-0.395985,-0.530293,7.732363,6.008293,-0.111712,0.082620,-0.050015,7.560000,27.900000,-19.260000,-76.185,-0.384,57.162,,
2025-10-17T16:14:48.624307,7700,153,0.069432,8.696040,5.612308,0.599725,0.963677,-0.395985,-0.530293,7.732363,6.008293,-0.111712,0.082620,-0.050015,7.560000,27.900000,-19.260000,-76.185,-0.384,57.162,,
2025-10-17T16:14:48.675153,7751,154,-0.402226,8.305785,5.681740,0.599725,0.963677,-0.395985,-1.001951,7.342108,6.077725,-0.111712,0.082620,-0.050015,9.120000,28.500000,-18.719999,-75.275,2.289,55.625,,
2025-10-17T16:14:48.724808,7801,155,-0.402226,8.305785,5.681740,0.599725,0.963677,-0.395985,-1.001951,7.342108,6.077725,-0.111712,0.082620,-0.050015,9.120000,28.500000,-18.719999,-75.275,2.289,55.625,,
2025-10-17T16:14:48.774706,7851,156,-0.402226,8.305785,5.681740,0.294923,0.386745,-0.060478,-0.697149,7.919040,5.742218,0.002520,-0.063377,0.020235,9.120000,28.500000,-18.719999,-75.275,2.289,55.625,,
2025-10-17T16:14:48.824570,7900,157,-1.034295,7.850887,5.401618,0.294923,0.386745,-0.060478,-1.329218,7.464141,5.462097,0.002520,-0.063377,0.020235,9.120000,28.500000,-18.719999,-77.692,6.194,55.471,,
2025-10-17T16:14:48.875293,7951,158,-1.034295,7.850887,5.401618,0.294923,0.386745,-0.060478,-1.329218,7.464141,5.462097,0.002520,-0.063377,0.020235,9.000000,28.680000,-19.080000,-78.098,6.194,55.471,,
2025-10-17T16:14:48.925094,8001,159,-1.034295,7.850887,5.401618,0.294923,0.386745,-0.060478,-1.329218,7.464141,5.462097,0.002520,-0.063377,0.020235,9.000000,28.680000,-19.080000,-78.098,6.194,55.471,,
2025-10-17T16:14:48.975101,8051,160,-1.034295,7.850887,5.401618,-0.362684,-0.197142,-0.161520,-0.671611,8.048029,5.563138,0.127747,0.009927,0.059941,9.000000,28.680000,-19.080000,-78.098,6.194,55.471,,
2025-10-17T16:14:49.025358,8101,161,-0.916979,7.870040,5.552453,-0.362684,-0.197142,-0.161520,-0.554295,8.067183,5.713973,0.127747,0.009927,0.059941,9.000000,28.680000,-19.080000,-77.683,5.438,54.796,,
2025-10-17T16:14:49.074407,8150,162,-0.916979,7.870040,5.552453,-0.362684,-0.197142,-0.161520,-0.554295,8.067183,5.713973,0.127747,0.009927,0.059941,9.660000,27.779999,-19.980000,-76.834,5.438,54.796,,
2025-10-17T16:14:49.124851,8201,163,-0.916979,7.870040,5.552453,-0.107512,-0.187920,0.022153,-0.809467,8.057961,5.530300,0.218155,0.002596,0.133245,9.660000,27.779999,-19.980000,-76.834,5.438,54.796,,
2025-10-17T16:14:49.175458,8251,164,-0.691924,8.178892,4.934749,-0.107512,-0.187920,0.022153,-0.584412,8.366812,4.912596,0.218155,0.002596,0.133245,9.660000,27.779999,-19.980000,-75.647,4.143,58.895,,
2025-10-17T16:14:49.225425,8301,165,-0.691924,8.178892,4.934749,-0.107512,-0.187920,0.022153,-0.584412,8.366812,4.912596,0.218155,0.002596,0.133245,9.660000,27.779999,-19.980000,-75.647,4.143,58.895,,
2025-10-17T16:14:49.274603,8350,166,-0.691924,8.178892,4.934749,-0.107512,-0.187920,0.022153,-0.584412,8.366812,4.912596,0.218155,0.002596,0.133245,10.620000,27.900000,-20.279999,-74.262,4.143,58.895,,
2025-10-17T16:14:49.324168,8400,167,-0.691924,8.178892,4.934749,-0.023787,-0.074154,-0.319874,-0.668137,8.253046,5.254623,0.003131,0.036805,0.070326,10.620000,27.900000,-20.279999,-74.262,4.143,58.895,,
2025-10-17T16:14:49.375059,8451,168,-0.907402,8.265083,4.968268,-0.023787,-0.074154,-0.319874,-0.883615,8.339237,5.288142,0.003131,0.036805,0.070326,10.620000,27.900000,-20.279999,-75.071,5.375,58.989,,
2025-10-17T16:14:49.424710,8501,169,-0.907402,8.265083,4.968268,-0.023787,-0.074154,-0.319874,-0.883615,8.339237,5.288142,0.003131,0.036805,0.070326,10.620000,27.900000,-20.279999,-75.071,5.375,58.989,,
2025-10-17T16:14:49.475209,8551,170,-0.907402,8.265083,4.968268,-0.187759,-0.058010,-0.167722,-0.719644,8.323093,5.135990,0.009850,0.152869,0.031230,9.840000,27.359999,-20.820000,-76.488,5.375,58.989,,
2025-10-17T16:14:49.526422,8602,171,-1.110910,8.621819,4.920384,-0.187759,-0.058010,-0.167722,-0.923151,8.679830,5.088106,0.009850,0.152869,0.031230,9.840000,27.359999,-20.820000,-77.060,6.385,60.287,,
2025-10-17T16:14:49.575228,8651,172,-1.110910,8.621819,4.920384,-0.187759,-0.058010,-0.167722,-0.923151,8.679830,5.088106,0.009850,0.152869,0.031230,9.840000,27.359999,-20.820000,-77.060,6.385,60.287,,
2025-10-17T16:14:49.624632,8701,173,-1.110910,8.621819,4.920384,-0.187759,-0.058010,-0.167722,-0.923151,8.679830,5.088106,0.009850,0.152869,0.031230,9.840000,27.359999,-20.820000,-77.060,6.385,60.287,,
2025-10-17T16:14:49.674641,8751,174,-1.110910,8.621819,4.920384,-0.325908,0.322004,-0.243624,-0.785001,8.299815,5.164008,0.200440,0.046578,0.009850,10.980000,26.760000,-19.740000,-74.468,6.385,60.287,,
2025-10-17T16:14:49.724717,8801,175,-0.857124,8.459014,4.973056,-0.325908,0.322004,-0.243624,-0.531216,8.137010,5.216680,0.200440,0.046578,0.009850,10.980000,26.760000,-19.740000,-73.605,4.992,59.549,,
2025-10-17T16:14:49.774451,8850,176,-0.857124,8.459014,4.973056,-0.325908,0.322004,-0.243624,-0.531216,8.137010,5.216680,0.200440,0.046578,0.009850,10.980000,26.760000,-19.740000,-73.605,4.992,59.549,,
2025-10-17T16:14:49.824414,8900,177,-0.857124,8.459014,4.973056,-0.325908,0.322004,-0.243624,-0.531216,8.137010,5.216680,0.200440,0.046578,0.009850,10.980000,26.760000,-19.740000,-73.605,4.992,59.549,,
2025-10-17T16:14:49.874101,8950,178,-0.857124,8.459014,4.973056,-0.073233,0.141743,-0.162973,-0.783892,8.317271,5.136029,-0.054291,0.053909,0.061163,11.040000,27.359999,-20.580000,-74.121,4.992,59.549,,
2025-10-17T16:14:49.924450,9000,179,-1.070208,8.265083,4.963480,-0.073233,0.141743,-0.162973,-0.996976,8.123341,5.126452,-0.054291,0.053909,0.061163,11.040000,27.359999,-20.580000,-75.083,6.334,59.014,,
2025-10-17T16:14:49.974454,9050,180,-1.070208,8.265083,4.963480,-0.073233,0.141743,-0.162973,-0.996976,8.123341,5.126452,-0.054291,0.053909,0.061163,11.040000,27.359999,-20.580000,-75.083,6.334,59.014,,
2025-10-17T16:14:50.024398,9100,181,-1.070208,8.265083,4.963480,-0.222618,0.041301,-0.311103,-0.847590,8.223783,5.274583,-0.098273,0.033750,0.069104,11.040000,27.359999,-20.580000,-75.083,6.334,59.014,,
2025-10-17T16:14:50.075086,9151,182,-1.321599,8.183681,5.490204,-0.222618,0.041301,-0.311103,-1.098981,8.142380,5.801307,-0.098273,0.033750,0.069104,11.820000,27.420000,-19.080000,-74.129,7.638,56.143,,
2025-10-17T16:14:50.124820,9201,183,-1.321599,8.183681,5.490204,-0.222618,0.041301,-0.311103,-1.098981,8.142380,5.801307,-0.098273,0.033750,0.069104,11.820000,27.420000,-19.080000,-74.129,7.638,56.143,,
2025-10-17T16:14:50.174836,9251,184,-1.321599,8.183681,5.490204,-0.222618,0.041301,-0.311103,-1.098981,8.142380,5.801307,-0.098273,0.033750,0.069104,11.820000,27.420000,-19.080000,-74.129,7.638,56.143,,
2025-10-17T16:14:50.225134,9301,185,-1.321599,8.183681,5.490204,-0.509737,0.047792,0.075548,-0.811863,8.135888,5.414656,0.044670,0.183412,0.052611,11.820000,27.420000,-19.080000,-74.129,7.638,56.143,,
2025-10-17T16:14:50.274872,9351,186,-1.213860,8.162133,5.777508,-0.509737,0.047792,0.075548,-0.704124,8.114341,5.701960,0.044670,0.183412,0.052611,13.139999,27.420000,-19.320000,-71.901,6.921,54.708,,
2025-10-17T16:14:50.325228,9401,187,-1.213860,8.162133,5.777508,-0.509737,0.047792,0.075548,-0.704124,8.114341,5.701960,0.044670,0.183412,0.052611,13.139999,27.420000,-19.320000,-71.901,6.921,54.708,,
2025-10-17T16:14:50.374376,9450,188,-1.213860,8.162133,5.777508,-0.462196,-0.056801,0.480872,-0.751664,8.218934,5.296636,0.130802,0.111330,0.065439,13.139999,27.420000,-19.320000,-71.901,6.921,54.708,,
2025-10-17T16:14:50.424287,9500,189,-1.213860,8.162133,5.777508,-0.462196,-0.056801,0.480872,-0.751664,8.218934,5.296636,0.130802,0.111330,0.065439,13.139999,27.420000,-19.320000,-71.901,6.921,54.708,,
2025-10-17T16:14:50.475033,9551,190,-0.646434,8.636185,5.104737,-0.462196,-0.056801,0.480872,-0.184238,8.692986,4.623865,0.130802,0.111330,0.065439,11.700000,27.480000,-19.500000,-71.629,3.687,59.413,,
2025-10-17T16:14:50.524850,9601,191,-0.646434,8.636185,5.104737,-0.462196,-0.056801,0.480872,-0.184238,8.692986,4.623865,0.130802,0.111330,0.065439,11.700000,27.480000,-19.500000,-71.629,3.687,59.413,,
2025-10-17T16:14:50.575141,9651,192,-0.646434,8.636185,5.104737,0.257478,0.396856,-0.136122,-0.903913,8.239328,5.240859,0.176006,0.051465,0.108200,11.700000,27.480000,-19.500000,-71.629,3.687,59.413,,
2025-10-17T16:14:50.624818,9701,193,-1.201889,8.063971,5.174169,0.257478,0.396856,-0.136122,-1.459368,7.667114,5.310291,0.176006,0.051465,0.108200,11.700000,27.480000,-19.500000,-74.155,7.150,57.314,,
2025-10-17T16:14:50.674781,9751,194,-1.201889,8.063971,5.174169,0.257478,0.396856,-0.136122,-1.459368,7.667114,5.310291,0.176006,0.051465,0.108200,12.900000,26.820000,-20.699999,-72.847,7.150,57.314,,
2025-10-17T16:14:50.725450,9801,195,-1.201889,8.063971,5.174169,0.257478,0.396856,-0.136122,-1.459368,7.667114,5.310291,0.176006,0.051465,0.108200,12.900000,26.820000,-20.699999,-72.847,7.150,57.314,,
2025-10-17T16:14:50.775041,9851,196,-1.201889,8.063971,5.174169,-0.406197,-0.313637,0.139015,-0.795693,8.377607,5.035154,0.132634,0.075900,0.045280,12.900000,26.820000,-20.699999,-72.847,7.150,57.314,,
2025-10-17T16:14:50.824294,9900,197,-0.972046,8.157345,4.683059,-0.406197,-0.313637,0.139015,-0.565849,8.470982,4.544044,0.132634,0.075900,0.045280,12.900000,26.820000,-20.699999,-71.697,5.900,60.140,,
2025-10-17T16:14:50.875323,9951,198,-0.972046,8.157345,4.683059,-0.406197,-0.313637,0.139015,-0.565849,8.470982,4.544044,0.132634,0.075900,0.045280,12.719999,26.820000,-20.879999,-72.085,5.900,60.140,,
2025-10-17T16:14:50.924842,10001,199,-0.972046,8.157345,4.683059,-0.194096,-0.232741,-0.334054,-0.777950,8.390086,5.017112,-0.037797,0.069180,0.033063,12.719999,26.820000,-20.879999,-72.085,5.900,60.140,,
2025-10-17T16:14:50.975264,10051,200,-0.612916,8.207623,5.296273,-0.194096,-0.232741,-0.334054,-0.418820,8.440364,5.630327,-0.037797,0.069180,0.033063,12.719999,26.820000,-20.879999,-70.811,3.590,57.166,,
2025-10-17T16:14:51.024415,10100,201,-1.067814,8.008904,5.150227,-0.194096,-0.232741,-0.334054,-0.873718,8.241645,5.484281,-0.037797,0.069180,0.033063,12.719999,26.820000,-20.879999,-72.718,6.399,57.256,,
2025-10-17T16:14:51.074399,10150,202,-1.067814,8.008904,5.150227,-0.194096,-0.232741,-0.334054,-0.873718,8.241645,5.484281,-0.037797,0.069180,0.033063,12.420000,26.820000,-20.699999,-73.072,6.399,57.256,,
2025-10-17T16:14:51.124976,10201,203,-1.067814,8.008904,5.150227,-0.265892,-0.348348,0.082335,-0.801922,8.357251,5.067893,-0.020693,0.094226,0.091706,12.420000,26.820000,-20.699999,-73.072,6.399,57.256,,
2025-10-17T16:14:51.175147,10251,204,-0.632069,8.576330,5.284302,-0.265892,-0.348348,0.082335,-0.366177,8.924678,5.201968,-0.020693,0.094226,0.091706,12.420000,26.820000,-20.699999,-71.046,3.590,58.361,,
2025-10-17T16:14:51.224680,10301,205,-0.632069,8.576330,5.284302,-0.265892,-0.348348,0.082335,-0.366177,8.924678,5.201968,-0.020693,0.094226,0.091706,12.420000,26.820000,-20.699999,-71.046,3.590,58.361,,
2025-10-17T16:14:51.274727,10351,206,-0.632069,8.576330,5.284302,-0.265892,-0.348348,0.082335,-0.366177,8.924678,5.201968,-0.020693,0.094226,0.091706,13.860000,25.740000,-20.459999,-68.353,3.590,58.361,,
2025-10-17T16:14:51.324950,10401,207,-0.632069,8.576330,5.284302,0.156395,0.184565,0.271644,-0.788464,8.391766,5.012658,0.117362,0.143095,0.047113,13.860000,25.740000,-20.459999,-68.353,3.590,58.361,,
2025-10-17T16:14:51.374557,10450,208,-0.289698,8.966584,4.862624,0.156395,0.184565,0.271644,-0.446093,8.782020,4.590980,0.117362,0.143095,0.047113,13.860000,25.740000,-20.459999,-66.546,1.627,61.529,,
2025-10-17T16:14:51.424965,10501,209,-0.289698,8.966584,4.862624,0.156395,0.184565,0.271644,-0.446093,8.782020,4.590980,0.117362,0.143095,0.047113,13.860000,25.740000,-20.459999,-66.546,1.627,61.529,,
2025-10-17T16:14:51.474263,10550,210,-0.289698,8.966584,4.862624,0.508219,0.503002,-0.026278,-0.797918,8.463582,4.888902,0.025733,0.083841,-0.000535,14.820000,26.279999,-21.240000,-65.760,1.627,61.529,,
2025-10-17T16:14:51.524234,10600,211,-0.289698,8.966584,4.862624,0.508219,0.503002,-0.026278,-0.797918,8.463582,4.888902,0.025733,0.083841,-0.000535,14.820000,26.279999,-21.240000,-65.760,1.627,61.529,,
2025-10-17T16:14:51.574542,10650,212,-0.866701,8.425495,5.085584,0.508219,0.503002,-0.026278,-1.374920,7.922493,5.111862,0.025733,0.083841,-0.000535,14.820000,26.279999,-21.240000,-68.536,5.033,58.885,,
2025-10-17T16:14:51.624620,10700,213,-0.866701,8.425495,5.085584,0.508219,0.503002,-0.026278,-1.374920,7.922493,5.111862,0.025733,0.083841,-0.000535,14.820000,26.279999,-21.240000,-68.536,5.033,58.885,,
2025-10-17T16:14:51.674722,10751,214,-0.866701,8.425495,5.085584,-0.204171,-0.045280,0.188927,-0.662530,8.470776,4.896657,-0.097662,-0.105527,-0.018860,13.139999,26.400000,-20.820000,-70.823,5.033,58.885,,
2025-10-17T16:14:51.725215,10801,215,-0.854730,8.162133,4.831499,-0.204171,-0.045280,0.188927,-0.650559,8.207414,4.642572,-0.097662,-0.105527,-0.018860,13.139999,26.400000,-20.820000,-70.851,5.149,59.377,,
2025-10-17T16:14:51.774278,10850,216,-0.854730,8.162133,4.831499,-0.204171,-0.045280,0.188927,-0.650559,8.207414,4.642572,-0.097662,-0.105527,-0.018860,13.139999,26.400000,-20.820000,-70.851,5.149,59.377,,
2025-10-17T16:14:51.824880,10901,217,-0.854730,8.162133,4.831499,-0.275923,-0.286477,-0.113821,-0.578807,8.448610,4.945320,-0.023137,0.039859,0.034285,13.139999,26.400000,-20.820000,-70.851,5.149,59.377,,
2025-10-17T16:14:51.875446,10951,218,-0.854730,8.162133,4.831499,-0.275923,-0.286477,-0.113821,-0.578807,8.448610,4.945320,-0.023137,0.039859,0.034285,14.580000,25.859999,-20.400000,-68.234,5.149,59.377,,
2025-10-17T16:14:51.924526,11000,219,0.040701,8.643368,5.159804,-0.275923,-0.286477,-0.113821,0.316625,8.929845,5.273624,-0.023137,0.039859,0.034285,14.580000,25.859999,-20.400000,-64.486,-0.232,59.164,,
2025-10-17T16:14:51.974915,11051,220,0.040701,8.643368,5.159804,-0.275923,-0.286477,-0.113821,0.316625,8.929845,5.273624,-0.023137,0.039859,0.034285,14.580000,25.859999,-20.400000,-64.486,-0.232,59.164,,
2025-10-17T16:14:52.024546,11100,221,0.040701,8.643368,5.159804,0.539449,0.205540,0.187426,-0.498747,8.437828,4.972378,0.117973,0.109498,0.010461,14.580000,25.859999,-20.400000,-64.486,-0.232,59.164,,
2025-10-17T16:14:52.076545,11152,222,0.040701,8.643368,5.159804,0.539449,0.205540,0.187426,-0.498747,8.437828,4.972378,0.117973,0.109498,0.010461,13.980000,26.099998,-20.219999,-65.384,-0.232,59.164,,
2025-10-17T16:14:52.124776,11201,223,0.227449,8.459014,4.532224,0.539449,0.205540,0.187426,-0.311999,8.253474,4.344798,0.117973,0.109498,0.010461,13.980000,26.099998,-20.219999,-64.163,-1.358,61.818,,
2025-10-17T16:14:52.174377,11250,224,0.227449,8.459014,4.532224,0.686410,-0.000936,-0.406280,-0.458960,8.459949,4.938503,0.066050,0.131489,0.030009,13.980000,26.099998,-20.219999,-64.163,-1.358,61.818,,
2025-10-17T16:14:52.225203,11301,225,0.227449,8.459014,4.532224,0.686410,-0.000936,-0.406280,-0.458960,8.459949,4.938503,0.066050,0.131489,0.030009,13.980000,26.099998,-20.219999,-64.163,-1.358,61.818,,
2025-10-17T16:14:52.275089,11351,226,0.057461,8.418312,4.841076,0.686410,-0.000936,-0.406280,-0.628949,8.419248,5.247355,0.066050,0.131489,0.030009,13.860000,26.219999,-19.859999,-65.176,-0.339,60.098,,
2025-10-17T16:14:52.325011,11401,227,0.057461,8.418312,4.841076,0.686410,-0.000936,-0.406280,-0.628949,8.419248,5.247355,0.066050,0.131489,0.030009,13.860000,26.219999,-19.859999,-65.176,-0.339,60.098,,
2025-10-17T16:14:52.374884,11451,228,0.057461,8.418312,4.841076,0.422962,-0.039056,-0.109643,-0.365502,8.457368,4.950719,-0.084223,-0.088423,-0.074449,13.860000,26.219999,-19.859999,-65.176,-0.339,60.098,,
2025-10-17T16:14:52.424301,11500,229,0.057461,8.418312,4.841076,0.422962,-0.039056,-0.109643,-0.365502,8.457368,4.950719,-0.084223,-0.088423,-0.074449,13.860000,26.219999,-19.859999,-65.176,-0.339,60.098,,
2025-10-17T16:14:52.475065,11551,230,-0.474052,8.444649,5.006575,0.422962,-0.039056,-0.109643,-0.897014,8.483705,5.116218,-0.084223,-0.088423,-0.074449,14.340000,26.820000,-19.920000,-66.939,2.765,59.338,,
2025-10-17T16:14:52.524521,11600,231,-0.474052,8.444649,5.006575,-0.142321,-0.001885,0.035035,-0.331731,8.446534,4.971540,-0.004811,-0.104916,-0.077504,14.340000,26.820000,-19.920000,-66.939,2.765,59.338,,
2025-10-17T16:14:52.574543,11650,232,-0.474052,8.444649,5.006575,-0.142321,-0.001885,0.035035,-0.331731,8.446534,4.971540,-0.004811,-0.104916,-0.077504,14.340000,26.820000,-19.920000,-66.939,2.765,59.338,,
2025-10-17T16:14:52.624712,11701,233,-0.445322,8.188469,5.049671,-0.142321,-0.001885,0.035035,-0.303001,8.190354,5.014636,-0.004811,-0.104916,-0.077504,14.340000,26.820000,-19.920000,-67.002,2.650,58.339,,
2025-10-17T16:14:52.673915,11750,234,-0.445322,8.188469,5.049671,-0.142321,-0.001885,0.035035,-0.303001,8.190354,5.014636,-0.004811,-0.104916,-0.077504,13.980000,26.639999,-19.920000,-67.487,2.650,58.339,,
2025-10-17T16:14:52.723941,11800,235,-0.445322,8.188469,5.049671,-0.173828,-0.209979,-0.006280,-0.271493,8.398448,5.055951,0.024511,-0.051160,0.025733,13.980000,26.639999,-19.920000,-67.487,2.650,58.339,,
2025-10-17T16:14:52.773907,11850,236,-0.445322,8.188469,5.049671,-0.173828,-0.209979,-0.006280,-0.271493,8.398448,5.055951,0.024511,-0.051160,0.025733,13.980000,26.639999,-19.920000,-67.487,2.650,58.339,,
2025-10-17T16:14:52.824292,11900,237,0.541090,7.721600,4.906019,-0.173828,-0.209979,-0.006280,0.714918,7.931579,4.912299,0.024511,-0.051160,0.025733,13.980000,26.639999,-19.920000,-63.518,-3.385,57.570,,
2025-10-17T16:14:52.874534,11950,238,0.541090,7.721600,4.906019,-0.173828,-0.209979,-0.006280,0.714918,7.931579,4.912299,0.024511,-0.051160,0.025733,15.000000,25.920000,-20.760000,-62.138,-3.385,57.570,,
2025-10-17T16:14:52.924199,12000,239,0.541090,7.721600,4.906019,0.799672,-0.656575,-0.184131,-0.258583,8.378175,5.090150,-0.130649,0.104000,0.013515,15.000000,25.920000,-20.760000,-62.138,-3.385,57.570,,
2025-10-17T16:14:52.974613,12050,240,0.071826,8.004115,5.657798,0.799672,-0.656575,-0.184131,-0.727846,8.660690,5.841929,-0.130649,0.104000,0.013515,15.000000,25.920000,-20.760000,-64.540,-0.420,54.745,,
2025-10-17T16:14:53.024300,12100,241,0.071826,8.004115,5.657798,0.799672,-0.656575,-0.184131,-0.727846,8.660690,5.841929,-0.130649,0.104000,0.013515,15.000000,25.920000,-20.760000,-64.540,-0.420,54.745,,
2025-10-17T16:14:53.073922,12150,242,0.071826,8.004115,5.657798,0.360127,-0.175154,0.255320,-0.288301,8.179269,5.402478,-0.004200,0.009316,-0.092775,14.639999,27.539999,-20.100000,-65.349,-0.420,54.745,,
2025-10-17T16:14:53.124028,12200,243,0.071826,8.004115,5.657798,0.360127,-0.175154,0.255320,-0.288301,8.179269,5.402478,-0.004200,0.009316,-0.092775,14.639999,27.539999,-20.100000,-65.349,-0.420,54.745,,
2025-10-17T16:14:53.174207,12250,244,0.059855,7.666533,5.504569,0.360127,-0.175154,0.255320,-0.300272,7.841687,5.249249,-0.004200,0.009316,-0.092775,14.639999,27.539999,-20.100000,-65.440,-0.363,54.322,,
2025-10-17T16:14:53.224002,12300,245,0.059855,7.666533,5.504569,0.360127,-0.175154,0.255320,-0.300272,7.841687,5.249249,-0.004200,0.009316,-0.092775,14.639999,27.539999,-20.100000,-65.440,-0.363,54.322,,
2025-10-17T16:14:53.274228,12350,246,0.059855,7.666533,5.504569,0.270552,-0.311788,-0.193876,-0.210697,7.978321,5.698445,-0.268093,-0.206931,0.055665,14.700000,27.539999,-18.600000,-64.521,-0.363,54.322,,
2025-10-17T16:14:53.324958,12401,247,0.337582,7.707234,6.450279,0.270552,-0.311788,-0.193876,0.067030,8.019022,6.644155,-0.268093,-0.206931,0.055665,14.700000,27.539999,-18.600000,-64.107,-1.924,50.074,,
2025-10-17T16:14:53.374210,12450,248,0.337582,7.707234,6.450279,0.270552,-0.311788,-0.193876,0.067030,8.019022,6.644155,-0.268093,-0.206931,0.055665,14.700000,27.539999,-18.600000,-64.107,-1.924,50.074,,
2025-10-17T16:14:53.424692,12501,249,0.337582,7.707234,6.450279,0.270552,-0.311788,-0.193876,0.067030,8.019022,6.644155,-0.268093,-0.206931,0.055665,14.700000,27.539999,-18.600000,-64.107,-1.924,50.074,,
2025-10-17T16:14:53.475084,12551,250,0.337582,7.707234,6.450279,0.406353,-0.032353,0.428290,-0.068771,7.739588,6.021988,-0.343230,0.210290,0.348270,16.980000,27.840000,-17.820000,-60.529,-1.924,50.074,,
2025-10-17T16:14:53.524514,12600,251,1.084573,6.931513,6.663363,0.406353,-0.032353,0.428290,0.678220,6.963867,6.235072,-0.343230,0.210290,0.348270,16.980000,27.840000,-17.820000,-58.412,-6.436,46.130,,
2025-10-17T16:14:53.574951,12651,252,1.084573,6.931513,6.663363,0.406353,-0.032353,0.428290,0.678220,6.963867,6.235072,-0.343230,0.210290,0.348270,16.980000,27.840000,-17.820000,-58.412,-6.436,46.130,,
2025-10-17T16:14:53.624716,12701,253,1.084573,6.931513,6.663363,0.988841,-0.526992,0.296906,0.095732,7.458506,6.366457,-0.077504,0.055131,-0.021304,16.980000,27.840000,-17.820000,-58.412,-6.436,46.130,,
2025-10-17T16:14:53.674663,12751,254,1.084573,6.931513,6.663363,0.988841,-0.526992,0.296906,0.095732,7.458506,6.366457,-0.077504,0.055131,-0.021304,17.879999,28.019999,-16.619999,-56.696,-6.436,46.130,,
2025-10-17T16:14:53.725802,12802,255,1.175553,7.513304,6.972215,0.988841,-0.526992,0.296906,0.186712,8.040297,6.675309,-0.077504,0.055131,-0.021304,17.879999,28.019999,-16.619999,-56.474,-6.543,47.139,,
2025-10-17T16:14:53.774780,12851,256,1.175553,7.513304,6.972215,0.988841,-0.526992,0.296906,0.186712,8.040297,6.675309,-0.077504,0.055131,-0.021304,17.879999,28.019999,-16.619999,-56.474,-6.543,47.139,,
2025-10-17T16:14:53.824763,12901,257,1.175553,7.513304,6.972215,1.194487,-0.043472,0.722010,-0.018934,7.556776,6.250205,0.210825,0.202349,0.055054,17.879999,28.019999,-16.619999,-56.474,-6.543,47.139,,
2025-10-17T16:14:53.874474,12950,258,1.352724,8.576330,5.722441,1.194487,-0.043472,0.722010,0.158237,8.619802,5.000432,0.210825,0.202349,0.055054,18.480000,28.019999,-17.100000,-53.389,-7.475,56.287,,
2025-10-17T16:14:53.924760,13001,259,1.352724,8.576330,5.722441,1.194487,-0.043472,0.722010,0.158237,8.619802,5.000432,0.210825,0.202349,0.055054,18.480000,28.019999,-17.100000,-53.389,-7.475,56.287,,
2025-10-17T16:14:53.974870,13051,260,1.352724,8.576330,5.722441,1.102531,0.884601,-0.355800,0.250193,7.691730,6.078241,-0.004200,0.149204,0.284740,18.480000,28.019999,-17.100000,-53.389,-7.475,56.287,,
2025-10-17T16:14:54.025300,13101,261,1.352724,8.576330,5.722441,1.102531,0.884601,-0.355800,0.250193,7.691730,6.078241,-0.004200,0.149204,0.284740,18.480000,28.019999,-17.100000,-53.389,-7.475,56.287,,
2025-10-17T16:14:54.074422,13150,262,1.252167,7.508516,5.954679,1.102531,0.884601,-0.355800,0.149637,6.623915,6.310479,-0.004200,0.149204,0.284740,21.299999,25.439999,-17.160000,-49.130,-7.444,51.584,,
2025-10-17T16:14:54.125239,13201,263,1.252167,7.508516,5.954679,1.102531,0.884601,-0.355800,0.149637,6.623915,6.310479,-0.004200,0.149204,0.284740,21.299999,25.439999,-17.160000,-49.130,-7.444,51.584,,
2025-10-17T16:14:54.174888,13251,264,1.252167,7.508516,5.954679,0.889953,0.011339,-0.356528,0.362215,7.497177,6.311207,-0.239994,0.154091,0.016570,21.299999,25.439999,-17.160000,-49.130,-7.444,51.584,,
2025-10-17T16:14:54.224827,13301,265,1.252167,7.508516,5.954679,0.889953,0.011339,-0.356528,0.362215,7.497177,6.311207,-0.239994,0.154091,0.016570,21.299999,25.439999,-17.160000,-49.130,-7.444,51.584,,
2025-10-17T16:14:54.274715,13351,266,0.840365,7.415142,6.716035,0.889953,0.011339,-0.356528,-0.049588,7.403803,7.072563,-0.239994,0.154091,0.016570,21.480000,26.160000,-14.340000,-49.874,-4.802,47.832,,
2025-10-17T16:14:54.324549,13400,267,0.840365,7.415142,6.716035,0.214687,0.193071,0.111455,0.625678,7.222071,6.604579,-0.095829,0.065515,-0.009087,21.480000,26.160000,-14.340000,-49.874,-4.802,47.832,,
2025-10-17T16:14:54.375007,13451,268,0.840365,7.415142,6.716035,0.214687,0.193071,0.111455,0.625678,7.222071,6.604579,-0.095829,0.065515,-0.009087,21.480000,26.160000,-14.340000,-49.874,-4.802,47.832,,
2025-10-17T16:14:54.424944,13501,269,0.658405,7.216423,6.713641,0.214687,0.193071,0.111455,0.443718,7.023352,6.602185,-0.095829,0.065515,-0.009087,21.480000,26.160000,-14.340000,-50.590,-3.822,47.067,,
2025-10-17T16:14:54.474321,13550,270,0.658405,7.216423,6.713641,0.214687,0.193071,0.111455,0.443718,7.023352,6.602185,-0.095829,0.065515,-0.009087,23.039999,26.400000,-14.340000,-48.781,-3.822,47.067,,
2025-10-17T16:14:54.524844,13601,271,0.658405,7.216423,6.713641,0.135365,0.083565,0.004015,0.523040,7.132858,6.709625,-0.064064,0.112552,-0.050625,23.039999,26.400000,-14.340000,-48.781,-3.822,47.067,,
2025-10-17T16:14:54.575207,13651,272,0.658405,7.216423,6.713641,0.135365,0.083565,0.004015,0.523040,7.132858,6.709625,-0.064064,0.112552,-0.050625,23.039999,26.400000,-14.340000,-48.781,-3.822,47.067,,
2025-10-17T16:14:54.624320,13700,273,0.318429,7.168539,6.519711,0.135365,0.083565,0.004015,0.183064,7.084974,6.515695,-0.064064,0.112552,-0.050625,23.039999,26.400000,-14.340000,-49.799,-1.882,47.714,,
2025-10-17T16:14:54.674671,13751,274,0.318429,7.168539,6.519711,0.135365,0.083565,0.004015,0.183064,7.084974,6.515695,-0.064064,0.112552,-0.050625,23.279999,26.160000,-12.540000,-48.010,-1.882,47.714,,
2025-10-17T16:14:54.725173,13801,275,0.318429,7.168539,6.519711,-0.144564,0.084820,-0.246149,0.462993,7.083719,6.765859,-0.034132,0.023976,0.069715,23.279999,26.160000,-12.540000,-48.010,-1.882,47.714,,
2025-10-17T16:14:54.774054,13850,276,0.694318,6.680122,6.287473,-0.144564,0.084820,-0.246149,0.838882,6.595302,6.533621,-0.034132,0.023976,0.069715,23.279999,26.160000,-12.540000,-46.831,-4.328,46.734,,
2025-10-17T16:14:54.824630,13901,277,0.694318,6.680122,6.287473,-0.144564,0.084820,-0.246149,0.838882,6.595302,6.533621,-0.034132,0.023976,0.069715,23.279999,26.160000,-12.540000,-46.831,-4.328,46.734,,
2025-10-17T16:14:54.874466,13950,278,0.694318,6.680122,6.287473,-0.144564,0.084820,-0.246149,0.838882,6.595302,6.533621,-0.034132,0.023976,0.069715,23.580000,26.519999,-12.120000,-46.433,-4.328,46.734,,
2025-10-17T16:14:54.924476,14000,279,0.694318,6.680122,6.287473,0.329639,-0.476132,-0.407697,0.364679,7.156254,6.695169,-0.090943,0.136376,-0.060399,23.580000,26.519999,-12.120000,-46.433,-4.328,46.734,,
2025-10-17T16:14:54.974392,14050,280,0.023942,7.489362,6.871658,0.329639,-0.476132,-0.407697,-0.305697,7.965495,7.279355,-0.090943,0.136376,-0.060399,23.580000,26.519999,-12.120000,-48.643,-0.135,47.463,,
2025-10-17T16:14:55.025,14101,281,0.023942,7.489362,6.871658,0.329639,-0.476132,-0.407697,-0.305697,7.965495,7.279355,-0.090943,0.136376,-0.060399,23.580000,26.519999,-12.120000,-48.643,-0.135,47.463,,
2025-10-17T16:14:55.075875,14152,282,0.023942,7.489362,6.871658,0.041934,0.876755,-0.370123,-0.017992,6.612607,7.241782,-1.028621,0.395383,-0.238772,23.519999,27.660000,-9.900000,-47.788,-0.135,47.463,,
2025-10-17T16:14:55.124856,14201,283,0.023942,7.489362,6.871658,0.041934,0.876755,-0.370123,-0.017992,6.612607,7.241782,-1.028621,0.395383,-0.238772,23.519999,27.660000,-9.900000,-47.788,-0.135,47.463,,
2025-10-17T16:14:55.174797,14251,284,0.237026,5.799056,8.243536,0.041934,0.876755,-0.370123,0.195091,4.922300,8.613659,-1.028621,0.395383,-0.238772,23.519999,27.660000,-9.900000,-49.699,-1.347,35.125,,
2025-10-17T16:14:55.224989,14301,285,0.237026,5.799056,8.243536,0.041934,0.876755,-0.370123,0.195091,4.922300,8.613659,-1.028621,0.395383,-0.238772,23.519999,27.660000,-9.900000,-49.699,-1.347,35.125,,
2025-10-17T16:14:55.274910,14351,286,0.237026,5.799056,8.243536,0.449420,-0.161559,0.459176,-0.212394,5.960615,7.784360,-0.133703,0.163865,0.121028,24.119999,27.660000,-4.260000,-45.624,-1.347,35.125,,
2025-10-17T16:14:55.324768,14401,287,-0.251391,5.803844,8.344092,0.449420,-0.161559,0.459176,-0.700811,5.965403,7.884916,-0.133703,0.163865,0.121028,24.119999,27.660000,-4.260000,-46.704,1.417,34.821,,
2025-10-17T16:14:55.375577,14451,288,-0.251391,5.803844,8.344092,0.449420,-0.161559,0.459176,-0.700811,5.965403,7.884916,-0.133703,0.163865,0.121028,24.119999,27.660000,-4.260000,-46.704,1.417,34.821,,
2025-10-17T16:14:55.425431,14501,289,-0.251391,5.803844,8.344092,-0.086593,-0.174242,0.571986,-0.164798,5.978086,7.772106,0.148517,0.044746,0.154014,24.119999,27.660000,-4.260000,-46.704,1.417,34.821,,
2025-10-17T16:14:55.474268,14550,290,-0.251391,5.803844,8.344092,-0.086593,-0.174242,0.571986,-0.164798,5.978086,7.772106,0.148517,0.044746,0.154014,24.779999,28.080000,-4.980000,-46.795,1.417,34.821,,
2025-10-17T16:14:55.525552,14601,291,0.110133,5.832575,7.527669,-0.086593,-0.174242,0.571986,0.196726,6.006817,6.955683,0.148517,0.044746,0.154014,24.779999,28.080000,-4.980000,-45.270,-0.663,37.769,,
2025-10-17T16:14:55.574317,14650,292,0.110133,5.832575,7.527669,-0.086593,-0.174242,0.571986,0.196726,6.006817,6.955683,0.148517,0.044746,0.154014,24.779999,28.080000,-4.980000,-45.270,-0.663,37.769,,
2025-10-17T16:14:55.624925,14701,293,0.110133,5.832575,7.527669,0.028768,-0.102183,-0.278889,0.081366,5.934758,7.806559,-0.152640,0.032529,0.208992,24.779999,28.080000,-4.980000,-45.270,-0.663,37.769,,
2025-10-17T16:14:55.674544,14750,294,0.110133,5.832575,7.527669,0.028768,-0.102183,-0.278889,0.081366,5.934758,7.806559,-0.152640,0.032529,0.208992,24.900000,26.459999,-5.160000,-43.760,-0.663,37.769,,
2025-10-17T16:14:55.724831,14801,295,0.574608,5.969044,8.243536,0.028768,-0.102183,-0.278889,0.545841,6.071227,8.522425,-0.152640,0.032529,0.208992,24.900000,26.459999,-5.160000,-43.214,-3.231,35.908,,
2025-10-17T16:14:55.774402,14850,296,0.574608,5.969044,8.243536,0.396469,0.007311,0.459170,0.178140,5.961733,7.784366,0.267635,0.026420,0.069715,24.900000,26.459999,-5.160000,-43.214,-3.231,35.908,,
2025-10-17T16:14:55.825271,14901,297,0.574608,5.969044,8.243536,0.396469,0.007311,0.459170,0.178140,5.961733,7.784366,0.267635,0.026420,0.069715,24.900000,26.459999,-5.160000,-43.214,-3.231,35.908,,
2025-10-17T16:14:55.875204,14951,298,0.744597,5.801450,7.350499,0.396469,0.007311,0.459170,0.348128,5.794138,6.891329,0.267635,0.026420,0.069715,25.080000,25.199999,-4.980000,-40.415,-4.546,38.283,,
2025-10-17T16:14:55.924501,15000,299,0.744597,5.801450,7.350499,0.396469,0.007311,0.459170,0.348128,5.794138,6.891329,0.267635,0.026420,0.069715,25.080000,25.199999,-4.980000,-40.415,-4.546,38.283,,
2025-10-17T16:14:55.974243,15050,300,0.744597,5.801450,7.350499,0.558084,-0.317688,-0.310549,0.186512,6.119138,7.661047,0.005574,-0.062766,-0.264428,25.080000,25.199999,-4.980000,-40.415,-4.546,38.283,,
2025-10-17T16:14:56.025786,15102,301,0.744597,5.801450,7.350499,0.558084,-0.317688,-0.310549,0.186512,6.119138,7.661047,0.005574,-0.062766,-0.264428,25.080000,25.199999,-4.980000,-40.415,-4.546,38.283,,
2025-10-17T16:14:56.074372,15150,302,0.100556,6.201282,7.331345,0.558084,-0.317688,-0.310549,-0.457528,6.518970,7.641894,0.005574,-0.062766,-0.264428,25.379999,27.240000,-6.780000,-44.494,-0.600,40.226,,
2025-10-17T16:14:56.125375,15201,303,0.100556,6.201282,7.331345,0.558084,-0.317688,-0.310549,-0.457528,6.518970,7.641894,0.005574,-0.062766,-0.264428,25.379999,27.240000,-6.780000,-44.494,-0.600,40.226,,
2025-10-17T16:14:56.175375,15251,304,0.100556,6.201282,7.331345,-0.028632,0.045632,-0.301586,0.129188,6.155650,7.632931,0.061163,0.006872,-0.305967,25.379999,27.240000,-6.780000,-44.494,-0.600,40.226,,
2025-10-17T16:14:56.224927,15301,305,-0.598550,6.953061,7.781455,-0.028632,0.045632,-0.301586,-0.569919,6.907429,8.083041,0.061163,0.006872,-0.305967,25.379999,27.240000,-6.780000,-45.949,3.283,41.782,,
2025-10-17T16:14:56.274741,15351,306,-0.598550,6.953061,7.781455,-0.028632,0.045632,-0.301586,-0.569919,6.907429,8.083041,0.061163,0.006872,-0.305967,24.420000,27.240000,-5.820000,-46.246,3.283,41.782,,
2025-10-17T16:14:56.324704,15401,307,-0.598550,6.953061,7.781455,-0.323995,0.680467,0.248227,-0.274556,6.272594,7.533227,0.250531,-0.088423,-0.070784,24.420000,27.240000,-5.820000,-46.246,3.283,41.782,,
2025-10-17T16:14:56.375300,15451,308,-0.598550,6.953061,7.781455,-0.323995,0.680467,0.248227,-0.274556,6.272594,7.533227,0.250531,-0.088423,-0.070784,24.420000,27.240000,-5.820000,-46.246,3.283,41.782,,
2025-10-17T16:14:56.424714,15501,309,-0.270545,6.692093,7.446267,-0.323995,0.680467,0.248227,0.053450,6.011626,7.198040,0.250531,-0.088423,-0.070784,24.420000,27.240000,-5.820000,-45.394,1.548,41.947,,
2025-10-17T16:14:56.474495,15550,310,-0.270545,6.692093,7.446267,-0.323995,0.680467,0.248227,0.053450,6.011626,7.198040,0.250531,-0.088423,-0.070784,23.939999,27.660000,-8.340000,-48.269,1.548,41.947,,
2025-10-17T16:14:56.524325,15600,311,-0.270545,6.692093,7.446267,-0.041084,-0.238352,0.511816,-0.229460,6.930445,6.934451,0.654924,0.011759,0.154625,23.939999,27.660000,-8.340000,-48.269,1.548,41.947,,
2025-10-17T16:14:56.574970,15651,312,-0.002394,6.763919,5.964256,-0.041084,-0.238352,0.511816,0.038690,7.002271,5.452440,0.654924,0.011759,0.154625,23.939999,27.660000,-8.340000,-45.728,0.015,48.595,,
2025-10-17T16:14:56.625474,15701,313,-0.002394,6.763919,5.964256,-0.041084,-0.238352,0.511816,0.038690,7.002271,5.452440,0.654924,0.011759,0.154625,23.939999,27.660000,-8.340000,-45.728,0.015,48.595,,
2025-10-17T16:14:56.674703,15751,314,-0.002394,6.763919,5.964256,-0.060912,-0.550710,-0.567443,0.058517,7.314629,6.531699,0.146684,-0.079260,0.200440,24.900000,26.580000,-10.559999,-45.691,0.015,48.595,,
2025-10-17T16:14:56.724852,15801,315,-0.002394,6.763919,5.964256,-0.060912,-0.550710,-0.567443,0.058517,7.314629,6.531699,0.146684,-0.079260,0.200440,24.900000,26.580000,-10.559999,-45.691,0.015,48.595,,
2025-10-17T16:14:56.774337,15850,316,0.490811,6.718429,6.024111,-0.060912,-0.550710,-0.567443,0.551723,7.269139,6.591554,0.146684,-0.079260,0.200440,24.900000,26.580000,-10.559999,-44.028,-3.113,48.119,,
2025-10-17T16:14:56.824735,15901,317,0.490811,6.718429,6.024111,-0.060912,-0.550710,-0.567443,0.551723,7.269139,6.591554,0.146684,-0.079260,0.200440,24.900000,26.580000,-10.559999,-44.028,-3.113,48.119,,
2025-10-17T16:14:56.875294,15951,318,0.490811,6.718429,6.024111,0.395113,-0.575103,-0.530696,0.095698,7.293532,6.554807,-0.236328,-0.277791,-0.183794,23.580000,26.039999,-10.740000,-45.338,-3.113,48.119,,
2025-10-17T16:14:56.925630,16002,319,0.490811,6.718429,6.024111,0.395113,-0.575103,-0.530696,0.095698,7.293532,6.554807,-0.236328,-0.277791,-0.183794,23.580000,26.039999,-10.740000,-45.338,-3.113,48.119,,
2025-10-17T16:14:56.975354,16051,320,-2.250550,7.135020,7.364864,0.395113,-0.575103,-0.530696,-2.645663,7.710124,7.895560,-0.236328,-0.277791,-0.183794,23.580000,26.039999,-10.740000,-54.922,12.379,44.092,,
2025-10-17T16:14:57.024802,16101,321,-2.250550,7.135020,7.364864,0.395113,-0.575103,-0.530696,-2.645663,7.710124,7.895560,-0.236328,-0.277791,-0.183794,23.580000,26.039999,-10.740000,-54.922,12.379,44.092,,
2025-10-17T16:14:57.074700,16151,322,-2.250550,7.135020,7.364864,-3.136022,0.321679,0.367391,0.885473,6.813341,6.997473,0.372704,-0.431118,0.074602,23.279999,25.740000,-12.059999,-56.245,12.379,44.092,,
2025-10-17T16:14:57.124712,16201,323,3.256114,6.146215,5.976227,-3.136022,0.321679,0.367391,6.392137,5.824536,5.608836,0.372704,-0.431118,0.074602,23.279999,25.740000,-12.059999,-37.659,-20.798,45.803,,
2025-10-17T16:14:57.175497,16251,324,3.256114,6.146215,5.976227,-3.136022,0.321679,0.367391,6.392137,5.824536,5.608836,0.372704,-0.431118,0.074602,23.279999,25.740000,-12.059999,-37.659,-20.798,45.803,,
2025-10-17T16:14:57.224666,16301,325,3.256114,6.146215,5.976227,2.368904,-1.026131,-0.652544,0.887211,7.172346,6.628771,0.081321,-0.010232,-0.643165,23.279999,25.740000,-12.059999,-37.659,-20.798,45.803,,
2025-10-17T16:14:57.274657,16351,326,3.256114,6.146215,5.976227,2.368904,-1.026131,-0.652544,0.887211,7.172346,6.628771,0.081321,-0.010232,-0.643165,22.799999,26.099998,-14.280000,-39.773,-20.798,45.803,,
2025-10-17T16:14:57.324468,16400,327,0.392649,6.833351,7.510910,2.368904,-1.026131,-0.652544,-1.976255,7.859482,8.163454,0.081321,-0.010232,-0.643165,22.799999,26.099998,-14.280000,-50.508,-2.214,42.296,,
2025-10-17T16:14:57.374214,16450,328,0.392649,6.833351,7.510910,2.368904,-1.026131,-0.652544,-1.976255,7.859482,8.163454,0.081321,-0.010232,-0.643165,22.799999,26.099998,-14.280000,-50.508,-2.214,42.296,,
2025-10-17T16:14:57.424416,16500,329,0.392649,6.833351,7.510910,0.611238,-0.946065,1.544068,-0.218589,7.779417,5.966842,0.926148,0.324522,-0.577191,22.799999,26.099998,-14.280000,-50.508,-2.214,42.296,,
2025-10-17T16:14:57.474321,16550,330,-2.425326,8.521263,4.118027,0.611238,-0.946065,1.544068,-3.036564,9.467329,2.573959,0.926148,0.324522,-0.577191,21.480000,26.699999,-15.839999,-60.832,14.374,64.207,,
2025-10-17T16:14:57.524704,16601,331,-2.425326,8.521263,4.118027,0.611238,-0.946065,1.544068,-3.036564,9.467329,2.573959,0.926148,0.324522,-0.577191,21.480000,26.699999,-15.839999,-60.832,14.374,64.207,,
2025-10-17T16:14:57.575338,16651,332,-2.425326,8.521263,4.118027,-2.019219,0.571230,-1.609299,-0.406107,7.950033,5.727325,-0.771446,-0.293673,-0.009087,21.480000,26.699999,-15.839999,-60.832,14.374,64.207,,
2025-10-17T16:14:57.625552,16701,333,-2.425326,8.521263,4.118027,-2.019219,0.571230,-1.609299,-0.406107,7.950033,5.727325,-0.771446,-0.293673,-0.009087,21.480000,26.699999,-15.839999,-60.832,14.374,64.207,,
2025-10-17T16:14:57.675728,16752,334,0.083797,7.496545,7.283461,-2.019219,0.571230,-1.609299,2.103016,6.925315,8.892759,-0.771446,-0.293673,-0.009087,20.699999,27.900000,-15.900000,-55.870,-0.459,45.826,,
2025-10-17T16:14:57.724864,16801,335,0.083797,7.496545,7.283461,-2.019219,0.571230,-1.609299,2.103016,6.925315,8.892759,-0.771446,-0.293673,-0.009087,20.699999,27.900000,-15.900000,-55.870,-0.459,45.826,,
2025-10-17T16:14:57.775716,16852,336,0.083797,7.496545,7.283461,0.537696,0.358912,0.573879,-0.453899,7.137633,6.709581,-0.334067,-0.186772,-0.303524,20.699999,27.900000,-15.900000,-55.870,-0.459,45.826,,
2025-10-17T16:14:57.825299,16901,337,0.083797,7.496545,7.283461,0.537696,0.358912,0.573879,-0.453899,7.137633,6.709581,-0.334067,-0.186772,-0.303524,20.699999,27.900000,-15.900000,-55.870,-0.459,45.826,,
2025-10-17T16:14:57.874403,16950,338,0.191536,6.857293,7.218817,0.537696,0.358912,0.573879,-0.346160,6.498382,6.644938,-0.334067,-0.186772,-0.303524,19.260000,29.099998,-12.840000,-56.694,-1.102,43.529,,
2025-10-17T16:14:57.924879,17001,339,0.191536,6.857293,7.218817,0.714203,-0.279506,0.513355,-0.522667,7.136799,6.705462,0.066661,0.066126,-0.099495,19.260000,29.099998,-12.840000,-56.694,-1.102,43.529,,
2025-10-17T16:14:57.974104,17050,340,0.191536,6.857293,7.218817,0.714203,-0.279506,0.513355,-0.522667,7.136799,6.705462,0.066661,0.066126,-0.099495,19.260000,29.099998,-12.840000,-56.694,-1.102,43.529,,
2025-10-17T16:14:58.024753,17101,341,-0.799663,6.988974,6.816592,0.714203,-0.279506,0.513355,-1.513867,7.268480,6.303236,0.066661,0.066126,-0.099495,19.260000,29.099998,-12.840000,-59.334,4.683,45.715,,
2025-10-17T16:14:58.074607,17150,342,-0.799663,6.988974,6.816592,0.714203,-0.279506,0.513355,-1.513867,7.268480,6.303236,0.066661,0.066126,-0.099495,18.779999,29.760000,-14.099999,-61.188,4.683,45.715,,
2025-10-17T16:14:58.124039,17200,343,-0.799663,6.988974,6.816592,-0.219524,0.075920,-0.114743,-0.580140,6.913054,6.931335,-0.285198,-0.135459,-0.065286,18.779999,29.760000,-14.099999,-61.188,4.683,45.715,,
2025-10-17T16:14:58.174247,17250,344,-0.799663,6.988974,6.816592,-0.219524,0.075920,-0.114743,-0.580140,6.913054,6.931335,-0.285198,-0.135459,-0.065286,18.779999,29.760000,-14.099999,-61.188,4.683,45.715,,
2025-10-17T16:14:58.224308,17300,345,-0.466869,6.057630,7.803003,-0.219524,0.075920,-0.114743,-0.247346,5.981709,7.917746,-0.285198,-0.135459,-0.065286,18.779999,29.760000,-14.099999,-61.035,2.706,37.823,,
2025-10-17T16:14:58.274110,17350,346,-0.466869,6.057630,7.803003,-0.219524,0.075920,-0.114743,-0.247346,5.981709,7.917746,-0.285198,-0.135459,-0.065286,17.820000,30.779999,-12.900000,-62.290,2.706,37.823,,
2025-10-17T16:14:58.324355,17400,347,-0.466869,6.057630,7.803003,-0.281292,-0.726516,0.724073,-0.185577,6.784145,7.078929,0.226096,0.042913,0.095982,17.820000,30.779999,-12.900000,-62.290,2.706,37.823,,
2025-10-17T16:14:58.374186,17450,348,0.043096,6.498163,6.586748,-0.281292,-0.726516,0.724073,0.324388,7.224679,5.862675,0.226096,0.042913,0.095982,17.820000,30.779999,-12.900000,-59.955,-0.267,44.612,,
2025-10-17T16:14:58.424465,17500,349,0.043096,6.498163,6.586748,-0.281292,-0.726516,0.724073,0.324388,7.224679,5.862675,0.226096,0.042913,0.095982,17.820000,30.779999,-12.900000,-59.955,-0.267,44.612,,
2025-10-17T16:14:58.474112,17550,350,0.043096,6.498163,6.586748,0.508783,-0.472784,-0.295062,-0.465687,6.970947,6.881810,0.026344,-0.126907,0.023289,17.039999,31.080000,-13.679999,-61.634,-0.267,44.612,,
2025-10-17T16:14:58.525061,17601,351,0.043096,6.498163,6.586748,0.508783,-0.472784,-0.295062,-0.465687,6.970947,6.881810,0.026344,-0.126907,0.023289,17.039999,31.080000,-13.679999,-61.634,-0.267,44.612,,
2025-10-17T16:14:58.574909,17651,352,0.146046,7.252336,6.965032,0.508783,-0.472784,-0.295062,-0.362736,7.725120,7.260094,0.026344,-0.126907,0.023289,17.039999,31.080000,-13.679999,-61.093,-0.832,46.158,,
2025-10-17T16:14:58.625006,17701,353,0.146046,7.252336,6.965032,0.508783,-0.472784,-0.295062,-0.362736,7.725120,7.260094,0.026344,-0.126907,0.023289,17.039999,31.080000,-13.679999,-61.093,-0.832,46.158,,
2025-10-17T16:14:58.674338,17750,354,0.146046,7.252336,6.965032,0.526188,0.300737,0.058439,-0.380141,6.951599,6.906593,-0.194790,-0.023060,-0.267483,18.119999,29.820000,-14.040000,-59.081,-0.832,46.158,,
2025-10-17T16:14:58.724496,17800,355,0.146046,7.252336,6.965032,0.526188,0.300737,0.058439,-0.380141,6.951599,6.906593,-0.194790,-0.023060,-0.267483,18.119999,29.820000,-14.040000,-59.081,-0.832,46.158,,
2025-10-17T16:14:58.774483,17850,356,-0.404620,6.359299,6.550835,0.526188,0.300737,0.058439,-0.930808,6.058562,6.492396,-0.194790,-0.023060,-0.267483,18.119999,29.820000,-14.040000,-61.145,2.538,44.150,,
2025-10-17T16:14:58.824804,17901,357,-0.404620,6.359299,6.550835,0.526188,0.300737,0.058439,-0.930808,6.058562,6.492396,-0.194790,-0.023060,-0.267483,18.119999,29.820000,-14.040000,-61.145,2.538,44.150,,
2025-10-17T16:14:58.873936,17950,358,-0.404620,6.359299,6.550835,0.073051,-0.428737,-0.510659,-0.477671,6.788036,7.061494,0.142408,-0.012065,-0.026191,16.260000,31.439999,-13.799999,-64.423,2.538,44.150,,
2025-10-17T16:14:58.923915,18000,359,-0.782904,6.115090,7.515698,0.073051,-0.428737,-0.510659,-0.855955,6.543828,8.026358,0.142408,-0.012065,-0.026191,16.260000,31.439999,-13.799999,-65.993,4.620,39.133,,
2025-10-17T16:14:58.974339,18050,360,-0.782904,6.115090,7.515698,0.073051,-0.428737,-0.510659,-0.855955,6.543828,8.026358,0.142408,-0.012065,-0.026191,16.260000,31.439999,-13.799999,-65.993,4.620,39.133,,
2025-10-17T16:14:59.023931,18100,361,-0.782904,6.115090,7.515698,-0.526780,-0.835531,0.602409,-0.256124,6.950622,6.913290,0.194942,-0.228922,-0.189292,16.260000,31.439999,-13.799999,-65.993,4.620,39.133,,
2025-10-17T16:14:59.073966,18150,362,-0.782904,6.115090,7.515698,-0.526780,-0.835531,0.602409,-0.256124,6.950622,6.913290,0.194942,-0.228922,-0.189292,18.180000,30.240000,-14.759999,-63.300,4.620,39.133,,
2025-10-17T16:14:59.124237,18200,363,0.701501,6.792649,6.246771,-0.526780,-0.835531,0.602409,1.228281,7.628181,5.644362,0.194942,-0.228922,-0.189292,18.180000,30.240000,-14.759999,-57.567,-4.347,47.397,,
2025-10-17T16:14:59.174196,18250,364,0.701501,6.792649,6.246771,-0.526780,-0.835531,0.602409,1.228281,7.628181,5.644362,0.194942,-0.228922,-0.189292,18.180000,30.240000,-14.759999,-57.567,-4.347,47.397,,
2025-10-17T16:14:59.224185,18300,365,0.701501,6.792649,6.246771,1.060355,-0.559585,-0.232903,-0.358854,7.352234,6.479674,0.043448,0.052076,-0.027413,18.180000,30.240000,-14.759999,-57.567,-4.347,47.397,,
2025-10-17T16:14:59.273910,18350,366,0.430956,7.228394,6.651392,1.060355,-0.559585,-0.232903,-0.629399,7.787979,6.884294,0.043448,0.052076,-0.027413,17.760000,28.619999,-17.039999,-59.455,-2.512,47.380,,
2025-10-17T16:14:59.323936,18400,367,0.430956,7.228394,6.651392,1.060355,-0.559585,-0.232903,-0.629399,7.787979,6.884294,0.043448,0.052076,-0.027413,17.760000,28.619999,-17.039999,-59.455,-2.512,47.380,,
2025-10-17T16:14:59.373920,18450,368,0.430956,7.228394,6.651392,0.646475,-0.282984,0.350354,-0.215519,7.511378,6.301037,0.262748,0.044746,-0.009697,17.760000,28.619999,-17.039999,-59.455,-2.512,47.380,,
2025-10-17T16:14:59.424142,18500,369,0.430956,7.228394,6.651392,0.646475,-0.282984,0.350354,-0.215519,7.511378,6.301037,0.262748,0.044746,-0.009697,17.760000,28.619999,-17.039999,-59.455,-2.512,47.380,,
2025-10-17T16:14:59.473963,18550,370,-0.105345,7.944261,5.497386,0.646475,-0.282984,0.350354,-0.751820,8.227245,5.147032,0.262748,0.044746,-0.009697,17.820000,27.900000,-18.299999,-60.454,0.625,55.317,,
2025-10-17T16:14:59.524435,18600,371,-0.105345,7.944261,5.497386,0.646475,-0.282984,0.350354,-0.751820,8.227245,5.147032,0.262748,0.044746,-0.009697,17.820000,27.900000,-18.299999,-60.454,0.625,55.317,,
2025-10-17T16:14:59.575098,18651,372,-0.105345,7.944261,5.497386,-0.151070,0.146107,-0.448792,0.045725,7.798153,5.946179,0.002520,-0.052382,-0.150807,17.820000,27.900000,-18.299999,-60.454,0.625,55.317,,
2025-10-17T16:14:59.624771,18701,373,-0.105345,7.944261,5.497386,-0.151070,0.146107,-0.448792,0.045725,7.798153,5.946179,0.002520,-0.052382,-0.150807,17.820000,27.900000,-18.299999,-60.454,0.625,55.317,,
2025-10-17T16:14:59.674909,18751,374,0.198719,8.217199,5.717653,-0.151070,0.146107,-0.448792,0.349789,8.071092,6.166445,0.002520,-0.052382,-0.150807,18.480000,28.439999,-18.359999,-58.719,-1.137,55.169,,
2025-10-17T16:14:59.724614,18800,375,0.198719,8.217199,5.717653,0.105848,0.287525,-0.051389,0.092870,7.929674,5.769042,-0.055512,0.044746,-0.012752,18.480000,28.439999,-18.359999,-58.719,-1.137,55.169,,
2025-10-17T16:14:59.774841,18851,376,0.198719,8.217199,5.717653,0.105848,0.287525,-0.051389,0.092870,7.929674,5.769042,-0.055512,0.044746,-0.012752,18.480000,28.439999,-18.359999,-58.719,-1.137,55.169,,
2025-10-17T16:14:59.824520,18900,377,0.050278,8.195652,5.837363,0.105848,0.287525,-0.051389,-0.055570,7.908127,5.888752,-0.055512,0.044746,-0.012752,18.480000,28.439999,-18.359999,-59.380,-0.286,54.540,,
2025-10-17T16:14:59.874413,18950,378,0.050278,8.195652,5.837363,0.105848,0.287525,-0.051389,-0.055570,7.908127,5.888752,-0.055512,0.044746,-0.012752,18.480000,28.500000,-17.459999,-58.818,-0.286,54.540,,
2025-10-17T16:14:59.925390,19001,379,0.050278,8.195652,5.837363,-0.000863,0.283494,0.043803,0.051141,7.912158,5.793560,0.005574,-0.217926,-0.071395,18.480000,28.500000,-17.459999,-58.818,-0.286,54.540,,
2025-10-17T16:14:59.974357,19050,380,0.050278,8.195652,5.837363,-0.000863,0.283494,0.043803,0.051141,7.912158,5.793560,0.005574,-0.217926,-0.071395,18.480000,28.500000,-17.459999,-58.818,-0.286,54.540,,
2025-10-17T16:15:00.024159,19100,381,-0.572214,7.798214,6.139032,-0.000863,0.283494,0.043803,-0.571351,7.514720,6.095229,0.005574,-0.217926,-0.071395,18.480000,28.500000,-17.459999,-61.524,3.300,51.789,,
2025-10-17T16:15:00.074569,19150,382,-0.572214,7.798214,6.139032,-0.000863,0.283494,0.043803,-0.571351,7.514720,6.095229,0.005574,-0.217926,-0.071395,19.139999,28.500000,-17.340000,-60.567,3.300,51.789,,
2025-10-17T16:15:00.125315,19201,383,-0.572214,7.798214,6.139032,-0.681804,-0.170287,0.424037,0.109590,7.968501,5.714995,-0.032910,0.037415,-0.052458,19.139999,28.500000,-17.340000,-60.567,3.300,51.789,,
2025-10-17T16:15:00.174952,19251,384,0.138864,8.188469,5.875670,-0.681804,-0.170287,0.424037,0.820668,8.358756,5.451633,-0.032910,0.037415,-0.052458,19.139999,28.500000,-17.340000,-57.562,-0.789,54.339,,
2025-10-17T16:15:00.224680,19301,385,0.138864,8.188469,5.875670,-0.681804,-0.170287,0.424037,0.820668,8.358756,5.451633,-0.032910,0.037415,-0.052458,19.139999,28.500000,-17.340000,-57.562,-0.789,54.339,,
2025-10-17T16:15:00.273939,19350,386,0.138864,8.188469,5.875670,0.139288,0.211609,0.171292,-0.000424,7.976860,5.704379,0.043448,-0.037721,-0.037186,17.699999,28.740000,-18.059999,-60.114,-0.789,54.339,,
2025-10-17T16:15:00.324587,19400,387,0.138864,8.188469,5.875670,0.139288,0.211609,0.171292,-0.000424,7.976860,5.704379,0.043448,-0.037721,-0.037186,17.699999,28.740000,-18.059999,-60.114,-0.789,54.339,,
2025-10-17T16:15:00.375175,19451,388,0.311246,8.281843,5.526117,0.139288,0.211609,0.171292,0.171958,8.070234,5.354825,0.043448,-0.037721,-0.037186,17.699999,28.740000,-18.059999,-59.103,-1.791,56.287,,
2025-10-17T16:15:00.424792,19501,389,0.311246,8.281843,5.526117,0.139288,0.211609,0.171292,0.171958,8.070234,5.354825,0.043448,-0.037721,-0.037186,17.699999,28.740000,-18.059999,-59.103,-1.791,56.287,,
2025-10-17T16:15:00.474545,19550,390,0.311246,8.281843,5.526117,0.410605,0.225911,-0.065156,-0.099358,8.055932,5.591273,0.015348,0.060628,-0.103771,17.820000,28.379999,-18.299999,-58.925,-1.791,56.287,,
2025-10-17T16:15:00.524930,19601,391,-0.677559,7.817368,5.746383,0.410605,0.225911,-0.065156,-1.088164,7.591457,5.811540,0.015348,0.060628,-0.103771,17.820000,28.379999,-18.299999,-63.094,3.995,53.681,,
2025-10-17T16:15:00.574839,19651,392,-0.677559,7.817368,5.746383,0.410605,0.225911,-0.065156,-1.088164,7.591457,5.811540,0.015348,0.060628,-0.103771,17.820000,28.379999,-18.299999,-63.094,3.995,53.681,,
2025-10-17T16:15:00.624845,19701,393,-0.677559,7.817368,5.746383,0.410605,0.225911,-0.065156,-1.088164,7.591457,5.811540,0.015348,0.060628,-0.103771,17.820000,28.379999,-18.299999,-63.094,3.995,53.681,,
2025-10-17T16:15:00.675190,19751,394,-0.677559,7.817368,5.746383,-0.547032,-0.260439,0.187404,-0.130528,8.077807,5.558979,-0.004811,0.050244,0.022068,18.180000,28.619999,-18.059999,-62.548,3.995,53.681,,
2025-10-17T16:15:00.724909,19801,395,-0.694318,7.692869,5.732018,-0.547032,-0.260439,0.187404,-0.147287,7.953309,5.544614,-0.004811,0.050244,0.022068,18.180000,28.619999,-18.059999,-62.694,4.139,53.310,,
2025-10-17T16:15:00.774439,19850,396,-0.694318,7.692869,5.732018,-0.547032,-0.260439,0.187404,-0.147287,7.953309,5.544614,-0.004811,0.050244,0.022068,18.180000,28.619999,-18.059999,-62.694,4.139,53.310,,
2025-10-17T16:15:00.824085,19900,397,-0.694318,7.692869,5.732018,-0.543900,-0.393447,0.185927,-0.150419,8.086316,5.546091,0.010461,-0.053603,0.016570,18.180000,28.619999,-18.059999,-62.694,4.139,53.310,,
2025-10-17T16:15:00.874344,19950,398,-0.694318,7.692869,5.732018,-0.543900,-0.393447,0.185927,-0.150419,8.086316,5.546091,0.010461,-0.053603,0.016570,17.219999,28.439999,-17.879999,-63.806,4.139,53.310,,
2025-10-17T16:15:00.924990,20001,399,0.220267,8.111855,5.909189,-0.543900,-0.393447,0.185927,0.764166,8.505301,5.723262,0.010461,-0.053603,0.016570,17.219999,28.439999,-17.879999,-60.315,-1.257,53.928,,
2025-10-17T16:15:00.974155,20050,400,0.220267,8.111855,5.909189,-0.543900,-0.393447,0.185927,0.764166,8.505301,5.723262,0.010461,-0.053603,0.016570,17.219999,28.439999,-17.879999,-60.315,-1.257,53.928,,
2025-10-17T16:15:01.024664,20101,401,0.220267,8.111855,5.909189,0.332336,0.001194,0.397856,-0.112070,8.110661,5.511333,-0.017639,0.075900,-0.054291,17.219999,28.439999,-17.879999,-60.315,-1.257,53.928,,
2025-10-17T16:15:01.075082,20151,402,0.256180,8.080730,5.667375,0.332336,0.001194,0.397856,-0.076157,8.079536,5.269518,-0.017639,0.075900,-0.054291,17.219999,28.439999,-17.580000,-59.793,-1.487,54.956,,
2025-10-17T16:15:01.125032,20201,403,0.256180,8.080730,5.667375,0.332336,0.001194,0.397856,-0.076157,8.079536,5.269518,-0.017639,0.075900,-0.054291,17.219999,28.439999,-17.580000,-59.793,-1.487,54.956,,
2025-10-17T16:15:01.174854,20251,404,0.256180,8.080730,5.667375,0.352022,-0.020213,0.141454,-0.095842,8.100944,5.525920,-0.004200,0.047189,-0.048793,17.219999,28.439999,-17.580000,-59.793,-1.487,54.956,,
2025-10-17T16:15:01.225892,20302,405,0.256180,8.080730,5.667375,0.352022,-0.020213,0.141454,-0.095842,8.100944,5.525920,-0.004200,0.047189,-0.048793,17.219999,28.439999,-17.580000,-59.793,-1.487,54.956,,
2025-10-17T16:15:01.274749,20351,406,-0.126893,8.241141,5.669769,0.352022,-0.020213,0.141454,-0.478915,8.261354,5.528315,-0.004200,0.047189,-0.048793,18.119999,27.840000,-17.699999,-59.641,0.727,55.473,,
2025-10-17T16:15:01.324804,20401,407,-0.126893,8.241141,5.669769,0.352022,-0.020213,0.141454,-0.478915,8.261354,5.528315,-0.004200,0.047189,-0.048793,18.119999,27.840000,-17.699999,-59.641,0.727,55.473,,
2025-10-17T16:15:01.374676,20451,408,-0.126893,8.241141,5.669769,-0.106087,0.152932,0.124433,-0.020806,8.088209,5.545336,0.086819,-0.070708,-0.069562,18.119999,27.840000,-17.699999,-59.641,0.727,55.473,,
2025-10-17T16:15:01.425251,20501,409,-0.126893,8.241141,5.669769,-0.106087,0.152932,0.124433,-0.020806,8.088209,5.545336,0.086819,-0.070708,-0.069562,18.119999,27.840000,-17.699999,-59.641,0.727,55.473,,
2025-10-17T16:15:01.474704,20551,410,-0.062249,8.401553,5.854123,-0.106087,0.152932,0.124433,0.043838,8.248621,5.729690,0.086819,-0.070708,-0.069562,16.619999,27.240000,-18.359999,-61.747,0.348,55.132,,
2025-10-17T16:15:01.524351,20600,411,-0.062249,8.401553,5.854123,-0.106087,0.152932,0.124433,0.043838,8.248621,5.729690,0.086819,-0.070708,-0.069562,16.619999,27.240000,-18.359999,-61.747,0.348,55.132,,
2025-10-17T16:15:01.575749,20652,412,-0.062249,8.401553,5.854123,0.021370,0.273002,0.368694,-0.083620,8.128551,5.485429,0.068493,-0.098197,-0.068951,16.619999,27.240000,-18.359999,-61.747,0.348,55.132,,
2025-10-17T16:15:01.624930,20701,413,0.174777,7.970597,5.468656,0.021370,0.273002,0.368694,0.153406,7.697595,5.099962,0.068493,-0.098197,-0.068951,16.619999,27.240000,-18.359999,-60.778,-1.036,55.546,,
2025-10-17T16:15:01.675422,20751,414,0.174777,7.970597,5.468656,0.021370,0.273002,0.368694,0.153406,7.697595,5.099962,0.068493,-0.098197,-0.068951,17.580000,28.019999,-18.539999,-59.880,-1.036,55.546,,
2025-10-17T16:15:01.724331,20800,415,0.174777,7.970597,5.468656,0.221938,-0.205573,0.054015,-0.047161,8.176169,5.414641,0.019624,0.018479,-0.064675,17.580000,28.019999,-18.539999,-59.880,-1.036,55.546,,
2025-10-17T16:15:01.774392,20850,416,0.174777,7.970597,5.468656,0.221938,-0.205573,0.054015,-0.047161,8.176169,5.414641,0.019624,0.018479,-0.064675,17.580000,28.019999,-18.539999,-59.880,-1.036,55.546,,
2025-10-17T16:15:01.824632,20901,417,-0.215478,8.281843,5.408801,0.221938,-0.205573,0.054015,-0.437416,8.487416,5.354786,0.019624,0.018479,-0.064675,17.580000,28.019999,-18.539999,-61.142,1.248,56.852,,
2025-10-17T16:15:01.874722,20951,418,-0.215478,8.281843,5.408801,0.221938,-0.205573,0.054015,-0.437416,8.487416,5.354786,0.019624,0.018479,-0.064675,17.639999,28.680000,-18.180000,-61.094,1.248,56.852,,
2025-10-17T16:15:01.924382,21000,419,-0.215478,8.281843,5.408801,-0.164796,0.108646,-0.010285,-0.050682,8.173197,5.419086,-0.001145,-0.016341,-0.017028,17.639999,28.680000,-18.180000,-61.094,1.248,56.852,,
2025-10-17T16:15:01.975324,21051,420,-0.320823,8.128614,5.851728,-0.164796,0.108646,-0.010285,-0.156027,8.019968,5.862013,-0.001145,-0.016341,-0.017028,17.639999,28.680000,-18.180000,-61.924,1.835,54.250,,
2025-10-17T16:15:02.024658,21101,421,-0.320823,8.128614,5.851728,-0.164796,0.108646,-0.010285,-0.156027,8.019968,5.862013,-0.001145,-0.016341,-0.017028,17.639999,28.680000,-18.180000,-61.924,1.835,54.250,,
2025-10-17T16:15:02.074586,21150,422,-0.320823,8.128614,5.851728,-0.164796,0.108646,-0.010285,-0.156027,8.019968,5.862013,-0.001145,-0.016341,-0.017028,17.699999,28.260000,-19.500000,-62.503,1.835,54.250,,
2025-10-17T16:15:02.124554,21200,423,-0.320823,8.128614,5.851728,-0.284200,-0.034432,0.417244,-0.036623,8.163047,5.434484,0.009239,-0.036499,0.009239,17.699999,28.260000,-19.500000,-62.503,1.835,54.250,,
2025-10-17T16:15:02.174993,21251,424,0.483629,8.693645,5.468656,-0.284200,-0.034432,0.417244,0.767829,8.728078,5.051412,0.009239,-0.036499,0.009239,17.699999,28.260000,-19.500000,-58.900,-2.696,57.828,,
2025-10-17T16:15:02.224788,21301,425,0.483629,8.693645,5.468656,-0.284200,-0.034432,0.417244,0.767829,8.728078,5.051412,0.009239,-0.036499,0.009239,17.699999,28.260000,-19.500000,-58.900,-2.696,57.828,,
2025-10-17T16:15:02.275286,21351,426,0.483629,8.693645,5.468656,0.460808,0.513181,0.060366,0.022821,8.180465,5.408290,0.039783,-0.101862,-0.042073,16.500000,28.740000,-18.359999,-60.104,-2.696,57.828,,
2025-10-17T16:15:02.324455,21400,427,0.483629,8.693645,5.468656,0.460808,0.513181,0.060366,0.022821,8.180465,5.408290,0.039783,-0.101862,-0.042073,16.500000,28.740000,-18.359999,-60.104,-2.696,57.828,,
2025-10-17T16:15:02.375206,21451,428,0.476446,8.231565,5.353734,0.460808,0.513181,0.060366,0.015639,7.718384,5.293368,0.039783,-0.101862,-0.042073,16.500000,28.740000,-18.359999,-60.234,-2.778,56.960,,
2025-10-17T16:15:02.425426,21501,429,0.476446,8.231565,5.353734,0.460808,0.513181,0.060366,0.015639,7.718384,5.293368,0.039783,-0.101862,-0.042073,16.500000,28.740000,-18.359999,-60.234,-2.778,56.960,,
2025-10-17T16:15:02.474664,21551,430,0.476446,8.231565,5.353734,0.320020,0.036164,-0.029682,0.156426,8.195400,5.383417,0.031230,0.019090,0.012905,16.500000,28.019999,-18.600000,-60.061,-2.778,56.960,,
2025-10-17T16:15:02.524564,21600,431,0.457293,8.040029,4.929961,0.320020,0.036164,-0.029682,0.137273,8.003864,4.959643,0.031230,0.019090,0.012905,16.500000,28.019999,-18.600000,-59.749,-2.776,58.484,,
2025-10-17T16:15:02.574532,21650,432,0.457293,8.040029,4.929961,0.320020,0.036164,-0.029682,0.137273,8.003864,4.959643,0.031230,0.019090,0.012905,16.500000,28.019999,-18.600000,-59.749,-2.776,58.484,,
2025-10-17T16:15:02.624678,21701,433,0.457293,8.040029,4.929961,0.249965,-0.176270,-0.419780,0.207327,8.216298,5.349741,-0.013363,-0.100029,-0.051236,16.500000,28.019999,-18.600000,-59.749,-2.776,58.484,,
2025-10-17T16:15:02.674430,21750,434,0.457293,8.040029,4.929961,0.249965,-0.176270,-0.419780,0.207327,8.216298,5.349741,-0.013363,-0.100029,-0.051236,16.619999,28.320000,-18.600000,-59.705,-2.776,58.484,,
2025-10-17T16:15:02.725063,21801,435,0.256180,8.585907,6.071995,0.249965,-0.176270,-0.419780,0.006214,8.762177,6.491775,-0.013363,-0.100029,-0.051236,16.619999,28.320000,-18.600000,-61.322,-1.395,54.732,,
2025-10-17T16:15:02.774730,21851,436,0.256180,8.585907,6.071995,0.249965,-0.176270,-0.419780,0.006214,8.762177,6.491775,-0.013363,-0.100029,-0.051236,16.619999,28.320000,-18.600000,-61.322,-1.395,54.732,,
2025-10-17T16:15:02.824920,21901,437,0.256180,8.585907,6.071995,0.048753,0.379505,0.707094,0.207427,8.206402,5.364901,-0.028023,-0.062766,-0.053680,16.619999,28.320000,-18.600000,-61.322,-1.395,54.732,,
2025-10-17T16:15:02.875577,21951,438,0.395043,8.571542,5.992986,0.048753,0.379505,0.707094,0.346291,8.192037,5.285892,-0.028023,-0.062766,-0.053680,16.920000,27.660000,-18.900000,-60.229,-2.163,55.040,,
2025-10-17T16:15:02.924825,22001,439,0.395043,8.571542,5.992986,0.048753,0.379505,0.707094,0.346291,8.192037,5.285892,-0.028023,-0.062766,-0.053680,16.920000,27.660000,-18.900000,-60.229,-2.163,55.040,,
2025-10-17T16:15:02.974465,22050,440,0.395043,8.571542,5.992986,0.177989,0.356465,0.641757,0.217054,8.215076,5.351230,0.032452,-0.016952,-0.049404,16.920000,27.660000,-18.900000,-60.229,-2.163,55.040,,
2025-10-17T16:15:03.024814,22101,441,0.395043,8.571542,5.992986,0.177989,0.356465,0.641757,0.217054,8.215076,5.351230,0.032452,-0.016952,-0.049404,16.920000,27.660000,-18.900000,-60.229,-2.163,55.040,,
2025-10-17T16:15:03.074860,22151,442,0.239420,7.654562,4.735731,0.177989,0.356465,0.641757,0.061431,7.298097,4.093975,0.032452,-0.016952,-0.049404,15.480000,27.240000,-18.840000,-61.962,-1.524,58.256,,
2025-10-17T16:15:03.125182,22201,443,0.239420,7.654562,4.735731,0.177989,0.356465,0.641757,0.061431,7.298097,4.093975,0.032452,-0.016952,-0.049404,15.480000,27.240000,-18.840000,-61.962,-1.524,58.256,,
2025-10-17T16:15:03.174746,22251,444,0.239420,7.654562,4.735731,0.005363,-0.561340,-0.613508,0.234057,8.215902,5.349239,-0.058567,0.032529,0.007407,15.480000,27.240000,-18.840000,-61.962,-1.524,58.256,,
2025-10-17T16:15:03.224821,22301,445,0.239420,7.654562,4.735731,0.005363,-0.561340,-0.613508,0.234057,8.215902,5.349239,-0.058567,0.032529,0.007407,15.480000,27.240000,-18.840000,-61.962,-1.524,58.256,,
2025-10-17T16:15:03.274435,22350,446,0.035913,7.822156,5.478233,0.005363,-0.561340,-0.613508,0.030550,8.383497,6.091741,-0.058567,0.032529,0.007407,15.059999,27.779999,-18.660000,-64.111,-0.215,54.995,,
2025-10-17T16:15:03.324990,22401,447,0.035913,7.822156,5.478233,0.005363,-0.561340,-0.613508,0.030550,8.383497,6.091741,-0.058567,0.032529,0.007407,15.059999,27.779999,-18.660000,-64.111,-0.215,54.995,,
2025-10-17T16:15:03.374861,22451,448,0.035913,7.822156,5.478233,-0.179669,-0.384644,0.114256,0.215582,8.206800,5.363976,-0.051847,-0.019395,0.000076,15.059999,27.779999,-18.660000,-64.111,-0.215,54.995,,
2025-10-17T16:15:03.424553,22500,449,0.402226,8.073547,5.777508,-0.179669,-0.384644,0.114256,0.581895,8.458191,5.663251,-0.051847,-0.019395,0.000076,15.059999,27.779999,-18.660000,-62.863,-2.320,54.412,,
2025-10-17T16:15:03.475033,22551,450,0.402226,8.073547,5.777508,-0.179669,-0.384644,0.114256,0.581895,8.458191,5.663251,-0.051847,-0.019395,0.000076,14.160000,28.320000,-18.240000,-64.230,-2.320,54.412,,
2025-10-17T16:15:03.524918,22601,451,0.402226,8.073547,5.777508,0.166103,-0.123070,0.398852,0.236123,8.196617,5.378655,-0.042073,0.133932,0.046502,14.160000,28.320000,-18.240000,-64.230,-2.320,54.412,,
2025-10-17T16:15:03.575126,22651,452,0.402226,8.073547,5.777508,0.166103,-0.123070,0.398852,0.236123,8.196617,5.378655,-0.042073,0.133932,0.046502,14.160000,28.320000,-18.240000,-64.230,-2.320,54.412,,
2025-10-17T16:15:03.624855,22701,453,0.593762,8.344092,5.013758,0.166103,-0.123070,0.398852,0.427659,8.467162,4.614905,-0.042073,0.133932,0.046502,14.160000,28.320000,-18.240000,-62.635,-3.490,58.999,,
2025-10-17T16:15:03.675069,22751,454,0.593762,8.344092,5.013758,0.166103,-0.123070,0.398852,0.427659,8.467162,4.614905,-0.042073,0.133932,0.046502,14.160000,27.299999,-18.719999,-62.498,-3.490,58.999,,
2025-10-17T16:15:03.724427,22800,455,0.593762,8.344092,5.013758,0.365197,0.170411,-0.400018,0.228565,8.173681,5.413776,-0.004811,-0.004123,-0.007254,14.160000,27.299999,-18.719999,-62.498,-3.490,58.999,,
2025-10-17T16:15:03.774333,22850,456,-0.117316,7.812580,5.576395,0.365197,0.170411,-0.400018,-0.482513,7.642169,5.976413,-0.004811,-0.004123,-0.007254,14.160000,27.299999,-18.719999,-65.965,0.700,54.482,,
2025-10-17T16:15:03.824410,22900,457,-0.117316,7.812580,5.576395,0.365197,0.170411,-0.400018,-0.482513,7.642169,5.976413,-0.004811,-0.004123,-0.007254,14.160000,27.299999,-18.719999,-65.965,0.700,54.482,,
2025-10-17T16:15:03.874955,22951,458,-0.117316,7.812580,5.576395,0.365197,0.170411,-0.400018,-0.482513,7.642169,5.976413,-0.004811,-0.004123,-0.007254,13.200000,27.599998,-18.420000,-67.393,0.700,54.482,,
2025-10-17T16:15:03.924752,23001,459,-0.117316,7.812580,5.576395,-0.425928,-0.328883,0.118230,0.308612,8.141462,5.458165,-0.080558,0.063072,0.066050,13.200000,27.599998,-18.420000,-67.393,0.700,54.482,,
2025-10-17T16:15:03.974329,23050,460,0.497994,7.929895,5.188534,-0.425928,-0.328883,0.118230,0.923922,8.258778,5.070304,-0.080558,0.063072,0.066050,13.200000,27.599998,-18.420000,-64.695,-3.008,56.803,,
2025-10-17T16:15:04.023943,23100,461,0.497994,7.929895,5.188534,-0.425928,-0.328883,0.118230,0.923922,8.258778,5.070304,-0.080558,0.063072,0.066050,13.200000,27.599998,-18.420000,-64.695,-3.008,56.803,,
2025-10-17T16:15:04.074444,23150,462,0.497994,7.929895,5.188534,0.160208,-0.163146,-0.339465,0.337786,8.093041,5.527999,-0.136757,-0.329104,-0.047571,13.559999,27.840000,-18.539999,-64.286,-3.008,56.803,,
